File,Group,MLU_Morphemes_z,*-PRESP_z,*-PL_z,u-cop_z,det:art_z,*-PAST_z,*-S3_z,u-aux_z,*-PRESP_rate_z,*-PL_rate_z,u-cop_rate_z,det:art_rate_z,*-PAST_rate_z,*-S3_rate_z,u-aux_rate_z
ENNI_B1_DLD_tagged/413.cha,SLI,-3.3560388373645536,-1.4845341891381751,-0.5055789732343683,-1.4199612632347964,-1.015254135925713,-0.7069191316170584,0.7138235135406812,-0.43124077004716066,-1.0451312576821061,-0.4339081603926823,-1.4735466643977637,-2.2564987287658576,-1.8351666589933742,1.2147983601072172,-0.6633273547236109
ENNI_B1_DLD_tagged/427.cha,SLI,-3.1066698789687046,-0.34639131079890756,-0.5055789732343683,1.0604773991247212,-0.8970220087039844,-0.6056160784881341,-0.34539847429387804,-0.43124077004716066,0.9338020132777087,-0.4339081603926823,5.99559994842897,-1.3851171526894892,-0.8120396109528778,-0.26338720316104747,-0.6633273547236109
ENNI_B1_DLD_tagged/444.cha,SLI,-3.0121254138262583,-0.9154627499685414,21.45901864172541,-0.5931483757816238,-0.1876292453736128,-0.0991008128435129,-0.34539847429387804,-0.43124077004716066,-0.9048337496662984,8.407035895520675,-1.1205272971248585,-1.3916200002721488,-0.9647451405111608,-0.26338720316104747,-0.6633273547236109
ENNI_B1_DLD_tagged/479.cha,SLI,-1.8490381345906586,-1.4845341891381751,-0.5055789732343683,-0.17974193205503758,-0.7787898814822558,-0.4030099722302857,-0.34539847429387804,0.07740218949564423,-1.0451312576821061,-0.4339081603926823,0.3003756561485857,-1.4286862314933075,-0.3772106155356667,-0.26338720316104747,1.2274642128723001
ENNI_B1_DLD_tagged/480.cha,SLI,-0.43531284373582174,-0.9154627499685414,-0.5055789732343683,1.8872902865778938,1.9405490446175018,-0.20040386597243715,2.8322674892097996,0.07740218949564423,-0.8947323290891602,-0.4339081603926823,0.0402003824684545,1.054751260324343,-1.0575901024825969,0.5170947742445962,-0.05827405309291937
ENNI_B1_DLD_tagged/527.cha,SLI,-1.6110906552053066,0.22268012837072626,-0.5055789732343683,1.4738838428513075,0.16706713629157297,-0.7069191316170584,-0.34539847429387804,-0.43124077004716066,-0.1498995398669517,-0.4339081603926823,1.1544864030783093,0.37147745305176166,-1.8351666589933742,-0.26338720316104747,-0.6633273547236109
ENNI_B1_DLD_tagged/529.cha,SLI,2.3020349591132656,-1.4845341891381751,-0.5055789732343683,-0.17974193205503758,-0.42409349981707,0.0022022402854113615,-0.34539847429387804,1.094688108581254,-1.0451312576821061,-0.4339081603926823,-0.34724677833658957,-0.9425106378570479,0.3247682202032294,-0.26338720316104747,2.938180393078124
ENNI_B1_DLD_tagged/531.cha,SLI,-2.8801438785938496,-0.34639131079890756,-0.5055789732343683,-1.0065548195082101,-0.6605577542605272,-0.7069191316170584,-0.34539847429387804,-0.43124077004716066,0.9338020132777087,-0.4339081603926823,-0.22868889559330816,0.357645999463248,-1.8351666589933742,-0.26338720316104747,-0.6633273547236109
ENNI_B1_DLD_tagged/535.cha,SLI,-0.024774125969627917,-0.9154627499685414,-0.5055789732343683,-1.4199612632347964,0.758227772400216,-0.50431302535921,-0.34539847429387804,-0.43124077004716066,-0.6364385169404052,-0.4339081603926823,-1.4735466643977637,3.1422784273594693,-0.9899747497425293,-0.26338720316104747,-0.6633273547236109
ENNI_B1_DLD_tagged/567.cha,SLI,2.2411204043906157,-1.4845341891381751,-0.5055789732343683,-1.4199612632347964,-0.3058613725953414,0.30611139967218415,-0.34539847429387804,-0.43124077004716066,-1.0451312576821061,-0.4339081603926823,-1.4735466643977637,-0.857379015065773,0.9027789625234475,-0.26338720316104747,-0.6633273547236109
ENNI_B1_DLD_tagged/568.cha,SLI,-2.0343199052053857,-0.34639131079890756,-0.5055789732343683,-1.0065548195082101,-0.7787898814822558,-0.6056160784881341,0.7138235135406812,-0.43124077004716066,0.4010122864808357,-0.4339081603926823,-0.5638429102714307,-0.9829410406542419,-1.0874968931176265,0.9873851965274841,-0.6633273547236109
ENNI_B1_DLD_tagged/569.cha,SLI,0.0811918181833153,-1.4845341891381751,-0.5055789732343683,-1.4199612632347964,-0.3058613725953414,-0.6056160784881341,1.7730455013752404,0.5860451490384492,-1.0451312576821061,-0.4339081603926823,-1.4735466643977637,-0.18696748558448226,-1.430178869144011,1.0916162298348615,2.4879919246029067
ENNI_B1_DLD_tagged/570.cha,SLI,1.8788057091131867,0.22268012837072626,2.0784913344079587,1.0604773991247212,0.5217635179567588,-0.50431302535921,4.9507114648789186,0.07740218949564423,-0.43209214656955475,1.0810362174748238,0.06899448390340956,0.08297137222178404,-1.4125707043679516,1.5040085790075297,0.15875593553548076
ENNI_B1_DLD_tagged/572.cha,SLI,-0.8858267380387544,-0.34639131079890756,0.7864561805867952,1.0604773991247212,-0.06939711815188422,-0.20040386597243715,0.7138235135406812,0.07740218949564423,-0.6027814677028533,0.38594409115914463,0.19602728435174152,-0.6982634397822337,-0.6916717229481135,0.11920200144956218,0.2264569123803472
ENNI_B1_DLD_tagged/574.cha,SLI,0.29248917987750783,-0.9154627499685414,-0.5055789732343683,0.2336645116715487,-0.06939711815188422,-0.20040386597243715,0.7138235135406812,0.5860451490384492,-0.7419076113253603,-0.4339081603926823,0.05240801994318189,-0.12020841322379286,-0.2674719886087425,0.2611302547728528,1.7764037002388544
ENNI_B1_DLD_tagged/576.cha,SLI,-1.5247950360148856,-1.4845341891381751,-0.5055789732343683,-1.0065548195082101,-0.1876292453736128,-0.20040386597243715,4.9507114648789186,-0.43124077004716066,-1.0451312576821061,-0.4339081603926823,-1.0585940747962785,-0.2232750512543311,-0.12995491225921363,2.5892516031461295,-0.6633273547236109
ENNI_B1_SYN_tagged/condition_a_zeroshot_001.cha,DLD_SA0,-1.8490381345906586,-1.4845341891381751,0.7864561805867952,-1.0065548195082101,-1.015254135925713,-0.50431302535921,0.7138235135406812,-0.43124077004716066,-1.0451312576821061,0.44821135077067586,-1.1741504921536543,-2.2564987287658576,-1.3430295979106037,0.14825940939467178,-0.6633273547236109
ENNI_B1_SYN_tagged/condition_a_zeroshot_002.cha,DLD_SA0,-1.5178152432862486,-1.4845341891381751,0.7864561805867952,-1.4199612632347964,-1.015254135925713,-0.6056160784881341,0.7138235135406812,0.5860451490384492,-1.0451312576821061,0.30744759898928886,-1.4735466643977637,-2.2564987287658576,-1.628364383325614,0.08257112015705699,0.9458569581239729
ENNI_B1_SYN_tagged/condition_a_zeroshot_003.cha,DLD_SA0,-1.8166772773942506,-1.4845341891381751,2.0784913344079587,-1.0065548195082101,-0.06939711815188422,-0.7069191316170584,8.128377428382596,0.07740218949564423,-1.0451312576821061,1.1867300112795338,-1.1985199480339885,-0.7163824547704154,-1.8351666589933742,2.76173674027168,0.2161105836930919
ENNI_B1_SYN_tagged/condition_a_zeroshot_004.cha,DLD_SA0,-2.301455608728674,-0.9154627499685414,2.0784913344079587,-1.4199612632347964,-0.7787898814822558,-0.7069191316170584,2.8322674892097996,-0.43124077004716066,-0.7875988457078836,1.4753368089745857,-1.4735466643977637,-1.8029028398493918,-1.8351666589933742,1.073054538971904,-0.6633273547236109
ENNI_B1_SYN_tagged/condition_a_zeroshot_005.cha,DLD_SA0,-1.1669220270193166,1.360823006709994,2.0784913344079587,1.4738838428513075,1.349388408508859,1.3191419309614265,-0.34539847429387804,0.07740218949564423,-0.08595441716586924,0.9882845208706909,0.21590316469399748,1.1223277907139388,2.1320606701432445,-0.26338720316104747,0.10842430551961806
ENNI_B1_SYN_tagged/condition_a_zeroshot_006.cha,DLD_SA0,-1.5476379940358798,3.6371087633885293,3.3705264882291224,3.1275096177576525,-0.8970220087039844,1.2178388778325024,-0.34539847429387804,0.07740218949564423,1.0182686772820915,2.115632377969706,1.6993225268233494,-2.054593241626211,2.6690877842092995,-0.26338720316104747,0.25900999532317487
ENNI_B1_SYN_tagged/condition_a_zeroshot_007.cha,DLD_SA0,-1.9734053504827356,-1.4845341891381751,0.7864561805867952,-1.4199612632347964,0.04883500906984437,-0.6056160784881341,6.009933452713478,0.07740218949564423,-1.0451312576821061,0.6062029050088891,-1.4735466643977637,-0.032524855496319824,-1.5450261528326363,2.648858981188369,0.46550343190081345
ENNI_B1_SYN_tagged/condition_a_zeroshot_008.cha,DLD_SA0,-2.523539922821669,-0.34639131079890756,0.7864561805867952,-0.5931483757816238,-1.015254135925713,-0.7069191316170584,4.9507114648789186,1.094688108581254,-0.43868396496861445,0.6900828296380481,-0.710569322227291,-2.2564987287658576,-1.8351666589933742,2.359200086508454,2.9962692277200875
ENNI_B1_SYN_tagged/condition_a_zeroshot_009.cha,DLD_SA0,-2.062239076119934,1.9298944458796277,2.0784913344079587,1.0604773991247212,-0.7787898814822558,-0.7069191316170584,2.8322674892097996,-0.43124077004716066,0.29771631904062545,1.2253166344145865,0.21590316469399748,-1.8623023014932145,-1.8351666589933742,0.898044310835446,-0.6633273547236109
ENNI_B1_SYN_tagged/condition_a_zeroshot_010.cha,DLD_SA0,-2.1751848130015143,-1.4845341891381751,2.0784913344079587,-1.4199612632347964,-0.3058613725953414,-0.7069191316170584,10.246821404051715,0.07740218949564423,-1.0451312576821061,1.2867694045926332,-1.4735466643977637,-1.0301098439176353,-1.8351666589933742,3.7514377834934978,0.27039687618795
ENNI_B1_SYN_tagged/condition_a_zeroshot_011.cha,DLD_SA0,-1.7018279606775875,-1.4845341891381751,0.7864561805867952,-1.0065548195082101,-0.8970220087039844,-0.7069191316170584,1.7730455013752404,0.07740218949564423,-1.0451312576821061,0.5078140204438756,-1.1539210210560793,-2.032765621394898,-1.8351666589933742,0.6155339425660287,0.3587221412741788
ENNI_B1_SYN_tagged/condition_a_zeroshot_012.cha,DLD_SA0,-1.4753019603027324,-1.4845341891381751,-0.5055789732343683,-1.0065548195082101,-0.6605577542605272,-0.7069191316170584,7.069155440548037,-0.43124077004716066,-1.0451312576821061,-0.4339081603926823,-1.1778929443067054,-1.635639355811445,-1.8351666589933742,2.5821200061303617,-0.6633273547236109
ENNI_B1_SYN_tagged/condition_a_zeroshot_013.cha,DLD_SA0,-1.193572144710476,3.6371087633885293,-0.5055789732343683,3.5409160614842388,0.9946920268436732,1.2178388778325024,-0.34539847429387804,-0.43124077004716066,0.8559787947568172,-0.4339081603926823,1.7155271702923025,0.9059310360955696,2.3148205808113356,-0.26338720316104747,-0.6633273547236109
ENNI_B1_SYN_tagged/condition_a_zeroshot_014.cha,DLD_SA0,-1.2189532091782467,-0.34639131079890756,-0.5055789732343683,3.1275096177576525,0.04883500906984437,0.9139297184457296,2.8322674892097996,-0.43124077004716066,-0.6079250699119144,-0.4339081603926823,1.5517472156037628,-0.5238679205209851,1.781468487568381,0.8710342756262253,-0.6633273547236109
ENNI_B1_SYN_tagged/condition_a_zeroshot_015.cha,DLD_SA0,-1.1072765255200554,3.6371087633885293,2.0784913344079587,3.5409160614842388,-0.1876292453736128,1.2178388778325024,-0.34539847429387804,-0.43124077004716066,1.152255686046,1.376155252124338,2.212525689984261,-0.7513850973612208,2.9615718389627195,-0.26338720316104747,-0.6633273547236109
ENNI_B1_SYN_tagged/condition_a_zeroshot_016.cha,DLD_SA0,-2.4569146285937706,-1.4845341891381751,0.7864561805867952,-1.4199612632347964,-1.015254135925713,-0.7069191316170584,3.891489477044359,-0.43124077004716066,-1.0451312576821061,0.5078140204438756,-1.4735466643977637,-2.2564987287658576,-1.8351666589933742,1.494455088293105,-0.6633273547236109
ENNI_B1_SYN_tagged/condition_a_zeroshot_017.cha,DLD_SA0,-0.901055376719417,4.206180202558163,0.7864561805867952,4.367728948937411,1.7040847901740448,1.4204449840903508,-0.34539847429387804,0.07740218949564423,0.6955970825140275,0.21134592647681102,1.5924919143243215,1.269369315172782,1.9447193796006825,-0.26338720316104747,0.03696581846005973
ENNI_B1_SYN_tagged/condition_a_zeroshot_018.cha,DLD_SA0,-2.6377547129266383,-1.4845341891381751,0.7864561805867952,-1.4199612632347964,-1.015254135925713,-0.7069191316170584,0.7138235135406812,-0.43124077004716066,-1.0451312576821061,0.6382063224058606,-1.4735466643977637,-2.2564987287658576,-1.8351666589933742,0.23692175671436516,-0.6633273547236109
ENNI_B1_SYN_tagged/condition_a_zeroshot_019.cha,DLD_SA0,0.1865232357245646,2.4989658850492615,2.0784913344079587,2.30069673030448,-0.1876292453736128,1.1165358247035782,-0.34539847429387804,-0.43124077004716066,0.29771631904062545,0.9882845208706909,0.6986031158630724,-1.073909446947929,1.7353379372295832,-0.26338720316104747,-0.6633273547236109
ENNI_B1_SYN_tagged/condition_a_zeroshot_020.cha,DLD_SA0,-1.3604526435860698,1.9298944458796277,0.7864561805867952,2.714103174031066,0.2852992635133016,1.3191419309614265,-0.34539847429387804,0.07740218949564423,0.28191811225565216,0.38594409115914463,1.3090765835180782,-0.11392520641337456,2.7388130851876684,-0.26338720316104747,0.2264569123803472
ENNI_B1_SYN_tagged/condition_a_zeroshot_021.cha,DLD_SA0,-2.139651322746635,-1.4845341891381751,2.0784913344079587,-1.4199612632347964,-0.06939711815188422,-0.6056160784881341,7.069155440548037,0.07740218949564423,-1.0451312576821061,1.2867694045926332,-1.4735466643977637,-0.6213135489682278,-1.595173894638196,2.546990287497134,0.27039687618795
ENNI_B1_SYN_tagged/condition_a_zeroshot_022.cha,DLD_SA0,-2.6022212226717585,-1.4845341891381751,0.7864561805867952,-1.4199612632347964,-1.015254135925713,-0.7069191316170584,4.9507114648789186,-0.43124077004716066,-1.0451312576821061,0.6900828296380481,-1.4735466643977637,-2.2564987287658576,-1.8351666589933742,2.359200086508454,-0.6633273547236109
ENNI_B1_SYN_tagged/condition_a_zeroshot_023.cha,DLD_SA0,-2.523539922821669,-0.9154627499685414,2.0784913344079587,-1.4199612632347964,-1.015254135925713,-0.7069191316170584,3.891489477044359,-0.43124077004716066,-0.7467206850770547,1.7783915660170093,-1.4735466643977637,-2.2564987287658576,-1.8351666589933742,1.8013799328327187,-0.6633273547236109
ENNI_B1_SYN_tagged/condition_a_zeroshot_024.cha,DLD_SA0,-2.206276616974533,-1.4845341891381751,5.954596795871449,-1.4199612632347964,-1.015254135925713,-0.7069191316170584,6.009933452713478,-0.43124077004716066,-1.0451312576821061,4.690168411806236,-1.4735466643977637,-2.2564987287658576,-1.8351666589933742,2.606031831418525,-0.6633273547236109
ENNI_B1_SYN_tagged/condition_a_zeroshot_025.cha,DLD_SA0,-1.32936083961305,0.7917515675403601,0.7864561805867952,1.4738838428513075,0.5217635179567588,1.1165358247035782,-0.34539847429387804,-0.43124077004716066,-0.1498995398669517,0.3957042370109521,0.4974781362092909,0.3057780485063214,2.3304220366000754,-0.26338720316104747,-0.6633273547236109
ENNI_B1_SYN_tagged/condition_a_zeroshot_026.cha,DLD_SA0,-1.293827349358171,-0.34639131079890756,2.0784913344079587,-1.4199612632347964,-0.42409349981707,-0.6056160784881341,3.891489477044359,-0.43124077004716066,-0.6364385169404052,1.0810362174748238,-1.4735466643977637,-1.3567025360783032,-1.623868681680663,1.150529422573814,-0.6633273547236109
ENNI_B1_SYN_tagged/condition_a_zeroshot_027.cha,DLD_SA0,-2.2303886282189156,-1.4845341891381751,3.3705264882291224,-0.17974193205503758,0.04883500906984437,-0.7069191316170584,10.246821404051715,0.07740218949564423,-1.0451312576821061,1.8385084064085768,-0.7022760902471771,-0.6368655819282595,-1.8351666589933742,3.271404361176107,0.15875593553548076
ENNI_B1_SYN_tagged/condition_a_zeroshot_028.cha,DLD_SA0,-2.443589569748191,-1.4845341891381751,2.0784913344079587,-1.4199612632347964,-0.7787898814822558,-0.7069191316170584,6.009933452713478,-0.43124077004716066,-1.0451312576821061,1.7103208052044037,-1.4735466643977637,-1.7470756535212113,-1.8351666589933742,2.7384665560914283,-0.6633273547236109
ENNI_B1_SYN_tagged/condition_a_zeroshot_029.cha,DLD_SA0,-2.5026005446357584,-1.4845341891381751,-0.5055789732343683,-1.0065548195082101,-0.42409349981707,-0.7069191316170584,10.246821404051715,-0.43124077004716066,-1.0451312576821061,-0.4339081603926823,-1.1985199480339885,-1.2939260575187064,-1.8351666589933742,3.5180177261298615,-0.6633273547236109
ENNI_B1_SYN_tagged/condition_a_zeroshot_030.cha,DLD_SA0,-1.8306368628515246,-1.4845341891381751,2.0784913344079587,-1.4199612632347964,-0.8970220087039844,-0.7069191316170584,2.8322674892097996,-0.43124077004716066,-1.0451312576821061,1.7103208052044037,-1.4735466643977637,-2.0017871911435345,-1.8351666589933742,1.2375396764651905,-0.6633273547236109
ENNI_B1_SYN_tagged/condition_b_zeroshot_know_001.cha,DLD_SB0,-0.6948342279187787,2.4989658850492615,2.0784913344079587,-0.17974193205503758,-0.6605577542605272,-0.20040386597243715,2.8322674892097996,-0.43124077004716066,0.09920841639465658,0.7780473419013227,-0.8565302050772944,-1.8245965562758315,-0.9899747497425293,0.5849627722798696,-0.6633273547236109
ENNI_B1_SYN_tagged/condition_b_zeroshot_know_002.cha,DLD_SB0,-2.114904784890558,-1.4845341891381751,-0.5055789732343683,-1.4199612632347964,-1.015254135925713,-0.7069191316170584,3.891489477044359,0.07740218949564423,-1.0451312576821061,-0.4339081603926823,-1.4735466643977637,-2.2564987287658576,-1.8351666589933742,1.3626169164340436,0.28206842907434454
ENNI_B1_SYN_tagged/condition_b_zeroshot_know_003.cha,DLD_SB0,-2.5026005446357584,-1.4845341891381751,-0.5055789732343683,-1.4199612632347964,-1.015254135925713,-0.7069191316170584,3.891489477044359,-0.43124077004716066,-1.0451312576821061,-0.4339081603926823,-1.4735466643977637,-2.2564987287658576,-1.8351666589933742,1.2491747685553163,-0.6633273547236109
ENNI_B1_SYN_tagged/condition_b_zeroshot_know_004.cha,DLD_SB0,-1.875688252281818,-1.4845341891381751,3.3705264882291224,-1.4199612632347964,-1.015254135925713,-0.4030099722302857,1.7730455013752404,-0.43124077004716066,-1.0451312576821061,3.36722500589306,-1.4735466643977637,-2.2564987287658576,-0.7748349910241324,0.9191612474535641,-0.6633273547236109
ENNI_B1_SYN_tagged/condition_b_zeroshot_know_005.cha,DLD_SB0,-1.9283539610524425,-1.4845341891381751,0.7864561805867952,-1.4199612632347964,-1.015254135925713,-0.4030099722302857,2.8322674892097996,-0.43124077004716066,-1.0451312576821061,1.0810362174748238,-1.4735466643977637,-2.2564987287658576,-0.5673787951171069,1.857487735441245,-0.6633273547236109
ENNI_B1_SYN_tagged/condition_b_zeroshot_know_006.cha,DLD_SB0,-2.245617266899578,-1.4845341891381751,2.0784913344079587,-1.4199612632347964,-1.015254135925713,-0.7069191316170584,1.7730455013752404,0.5860451490384492,-1.0451312576821061,1.1498973255597107,-1.4735466643977637,-2.2564987287658576,-1.8351666589933742,0.47570557847308487,1.055574070363581
ENNI_B1_SYN_tagged/condition_b_zeroshot_know_007.cha,DLD_SB0,-1.4632459546805416,-0.34639131079890756,-0.5055789732343683,-0.5931483757816238,-1.015254135925713,0.10350529341433562,0.7138235135406812,0.5860451490384492,-0.5503979399421524,-0.4339081603926823,-0.851117779995536,-2.2564987287658576,0.21108743708761854,0.16450861778502907,1.3269795585352424
ENNI_B1_SYN_tagged/condition_b_zeroshot_know_008.cha,DLD_SB0,-0.8179323905874673,-0.34639131079890756,-0.5055789732343683,0.647070955398135,-1.015254135925713,0.30611139967218415,1.7730455013752404,0.5860451490384492,-0.6575051530611115,-0.4339081603926823,-0.2543560660841217,-2.2564987287658576,0.1688966309828558,0.4071299595585776,0.8960883711286866
ENNI_B1_SYN_tagged/condition_b_zeroshot_know_009.cha,DLD_SB0,-2.5311542421620006,-1.4845341891381751,-0.5055789732343683,-1.4199612632347964,-1.015254135925713,-0.7069191316170584,8.128377428382596,-0.43124077004716066,-1.0451312576821061,-0.4339081603926823,-1.4735466643977637,-2.2564987287658576,-1.8351666589933742,2.9484727861625886,-0.6633273547236109
ENNI_B1_SYN_tagged/condition_b_zeroshot_know_010.cha,DLD_SB0,-0.870598099358092,4.206180202558163,4.662561642050286,3.954322505210825,0.6399956451784874,1.4204449840903508,-0.34539847429387804,0.07740218949564423,0.7453321779482027,2.2208515112989478,1.4548330393612894,-0.048998736039057134,2.0527161235605123,-0.26338720316104747,0.05697419483673616
ENNI_B1_SYN_tagged/condition_b_zeroshot_know_011.cha,DLD_SB0,-2.786868466674792,-1.4845341891381751,-0.5055789732343683,-1.4199612632347964,-1.015254135925713,-0.6056160784881341,2.8322674892097996,0.07740218949564423,-1.0451312576821061,-0.4339081603926823,-1.4735466643977637,-2.2564987287658576,-1.5164877423905965,1.3359611111947798,0.5765359682901012
ENNI_B1_SYN_tagged/condition_b_zeroshot_know_012.cha,DLD_SB0,-1.2189532091782467,-1.4845341891381751,3.3705264882291224,-1.4199612632347964,-1.015254135925713,-0.6056160784881341,0.7138235135406812,1.6033310681240591,-1.0451312576821061,1.6567150810644762,-1.4735466643977637,-2.2564987287658576,-1.6407725198656797,0.06181362075797073,2.3619391534298466
ENNI_B1_SYN_tagged/condition_b_zeroshot_know_013.cha,DLD_SB0,0.05010001421029633,1.9298944458796277,7.246631949692612,1.4738838428513075,0.6399956451784874,1.1165358247035782,-0.34539847429387804,-0.43124077004716066,-0.010276244427890756,3.402097787235132,0.04540822781317778,-0.13000791008407725,1.3750117853171748,-0.26338720316104747,-0.6633273547236109
ENNI_B1_SYN_tagged/condition_b_zeroshot_know_014.cha,DLD_SB0,-0.8972482170492513,-1.4845341891381751,0.7864561805867952,0.647070955398135,-1.015254135925713,0.0022022402854113615,3.891489477044359,1.094688108581254,-1.0451312576821061,0.2771881802390043,-0.2667967864750771,-2.2564987287658576,-0.44663709379555766,1.063963098549231,1.651927626006076
ENNI_B1_SYN_tagged/condition_b_zeroshot_know_015.cha,DLD_SB0,-2.301455608728674,-0.9154627499685414,0.7864561805867952,-1.4199612632347964,-1.015254135925713,-0.7069191316170584,4.9507114648789186,0.07740218949564423,-0.7910790134372649,0.5078140204438756,-1.4735466643977637,-2.2564987287658576,-1.8351666589933742,1.933915661156643,0.3587221412741788
ENNI_B1_SYN_tagged/condition_b_zeroshot_know_016.cha,DLD_SB0,-2.932809587364474,-1.4845341891381751,0.7864561805867952,-0.5931483757816238,-1.015254135925713,-0.7069191316170584,3.891489477044359,-0.43124077004716066,-1.0451312576821061,1.30827787415495,-0.2909317840335308,-2.2564987287658576,-1.8351666589933742,2.9886210360291345,-0.6633273547236109
ENNI_B1_SYN_tagged/condition_b_zeroshot_know_017.cha,DLD_SB0,-0.5958480764944725,2.4989658850492615,3.3705264882291224,2.30069673030448,-0.1876292453736128,1.3191419309614265,-0.34539847429387804,0.07740218949564423,0.11946221593583813,1.4162009028437412,0.4102646494567666,-1.2308903250653531,1.6054375733551978,-0.26338720316104747,0.005979394867862022
ENNI_B1_SYN_tagged/condition_b_zeroshot_know_018.cha,DLD_SB0,-2.7741779344409063,-0.9154627499685414,-0.5055789732343683,-1.4199612632347964,-1.015254135925713,-0.7069191316170584,7.069155440548037,0.07740218949564423,-0.7033155108799563,-0.4339081603926823,-1.4735466643977637,-2.2564987287658576,-1.8351666589933742,3.875532373990093,0.7117937853461425
ENNI_B1_SYN_tagged/condition_b_zeroshot_know_019.cha,DLD_SB0,-1.5406582013072427,-0.34639131079890756,0.7864561805867952,-1.0065548195082101,-0.8970220087039844,-0.7069191316170584,6.009933452713478,0.5860451490384492,-0.6691339361997413,0.2629662534263706,-1.2370236883249173,-2.0909362293113474,-1.8351666589933742,1.6878177403530616,0.8493058993531178
ENNI_B1_SYN_tagged/condition_b_zeroshot_know_020.cha,DLD_SB0,-2.329374779643222,-1.4845341891381751,0.7864561805867952,-1.4199612632347964,-1.015254135925713,-0.7069191316170584,8.128377428382596,-0.43124077004716066,-1.0451312576821061,0.4159386857281139,-1.4735466643977637,-2.2564987287658576,-1.8351666589933742,2.9093037619025446,-0.6633273547236109
ENNI_B1_SYN_tagged/condition_b_zeroshot_know_021.cha,DLD_SB0,0.9105180996677285,3.068037324218895,4.662561642050286,4.367728948937411,0.5217635179567588,1.521748037219275,-0.34539847429387804,0.5860451490384492,-0.022009294464786795,1.4623487479584818,0.7790531077245847,-0.7923405703246125,1.0741333823734798,-0.26338720316104747,0.3656748589340277
ENNI_B1_SYN_tagged/condition_b_zeroshot_know_022.cha,DLD_SB0,-2.562880572746714,-1.4845341891381751,-0.5055789732343683,-1.4199612632347964,-1.015254135925713,-0.6056160784881341,4.9507114648789186,0.07740218949564423,-1.0451312576821061,-0.4339081603926823,-1.4735466643977637,-2.2564987287658576,-1.5450261528326363,2.1634846171301327,0.46550343190081345
ENNI_B1_SYN_tagged/condition_b_zeroshot_know_023.cha,DLD_SB0,-1.9283539610524425,-0.9154627499685414,5.954596795871449,-1.0065548195082101,-1.015254135925713,-0.50431302535921,7.069155440548037,1.094688108581254,-0.818626847150561,3.764130477071492,-1.1885792233461414,-2.2564987287658576,-1.3667470466374843,2.4792703479632023,2.070347200836742
ENNI_B1_SYN_tagged/condition_b_zeroshot_know_024.cha,DLD_SB0,-2.562880572746714,-1.4845341891381751,-0.5055789732343683,-1.4199612632347964,-1.015254135925713,-0.7069191316170584,8.128377428382596,0.07740218949564423,-1.0451312576821061,-0.4339081603926823,-1.4735466643977637,-2.2564987287658576,-1.8351666589933742,3.8016230958266797,0.5184173750238334
ENNI_B1_SYN_tagged/condition_b_zeroshot_know_025.cha,DLD_SB0,-0.6218636675739373,3.6371087633885293,2.0784913344079587,2.30069673030448,-1.015254135925713,1.1165358247035782,-0.34539847429387804,-0.43124077004716066,0.7359086861817277,1.0331958687000604,0.7671973194502568,-2.2564987287658576,1.8480907139524134,-0.26338720316104747,-0.6633273547236109
ENNI_B1_SYN_tagged/condition_b_zeroshot_know_026.cha,DLD_SB0,-2.562880572746714,-1.4845341891381751,2.0784913344079587,-1.4199612632347964,-1.015254135925713,-0.50431302535921,1.7730455013752404,1.094688108581254,-1.0451312576821061,1.7438243827918578,-1.4735466643977637,-2.2564987287658576,-1.2276849742193294,0.7528653715858844,2.881906834518722
ENNI_B1_SYN_tagged/condition_b_zeroshot_know_027.cha,DLD_SB0,-0.8813850517568942,3.6371087633885293,4.662561642050286,1.8872902865778938,-0.1876292453736128,1.4204449840903508,-0.34539847429387804,0.07740218949564423,0.6301043330809055,2.325990508197626,0.3999026510307241,-1.1090358612593523,2.2066916793052207,-0.26338720316104747,0.08550098887873005
ENNI_B1_SYN_tagged/condition_b_zeroshot_know_028.cha,DLD_SB0,-2.478488533391376,-0.9154627499685414,0.7864561805867952,-1.4199612632347964,-1.015254135925713,-0.6056160784881341,2.8322674892097996,0.07740218949564423,-0.731800156446802,0.727549195972406,-1.4735466643977637,-2.2564987287658576,-1.5111764271138834,1.3626169164340436,0.5972003570069965
ENNI_B1_SYN_tagged/condition_b_zeroshot_know_029.cha,DLD_SB0,-2.109828571997004,-1.4845341891381751,0.7864561805867952,-1.4199612632347964,-1.015254135925713,-0.7069191316170584,2.8322674892097996,0.07740218949564423,-1.0451312576821061,0.6382063224058606,-1.4735466643977637,-2.2564987287658576,-1.8351666589933742,1.2375396764651905,0.5002366868738728
ENNI_B1_SYN_tagged/condition_b_zeroshot_know_030.cha,DLD_SB0,-1.8833025716221494,-1.4845341891381751,-0.5055789732343683,-1.4199612632347964,-1.015254135925713,-0.6056160784881341,4.9507114648789186,0.07740218949564423,-1.0451312576821061,-0.4339081603926823,-1.4735466643977637,-2.2564987287658576,-1.5574607459538108,2.0594758248319396,0.41712496961690965
ENNI_B1_SYN_tagged/condition_c_10shot_001.cha,DLD_SC10,0.9974482454698439,-0.34639131079890756,3.3705264882291224,1.8872902865778938,1.5858526629523162,0.20480834654325988,7.069155440548037,0.5860451490384492,-0.8086549548630086,0.8809492241715684,-0.2834939545972776,0.03430315047893531,-0.7348224752517081,1.168314537362932,0.28801431450703624
ENNI_B1_SYN_tagged/condition_c_10shot_002.cha,DLD_SC10,-0.9765640435110352,-0.9154627499685414,0.7864561805867952,2.30069673030448,0.2852992635133016,-0.4030099722302857,4.9507114648789186,0.5860451490384492,-0.9206288333501973,0.027598073924571302,-0.0638070719105986,-1.050414295653533,-1.4489531375476237,0.8134367171006022,0.33841652214839496
ENNI_B1_SYN_tagged/condition_c_10shot_003.cha,DLD_SC10,0.13385752695393996,0.7917515675403601,3.3705264882291224,2.30069673030448,-0.1876292453736128,0.4074144528011084,3.891489477044359,0.5860451490384492,-0.5370267691924239,0.9786751108621546,-0.03523126936018303,-1.4734328529674994,-0.3903453546659163,0.6155339425660287,0.3587221412741788
ENNI_B1_SYN_tagged/condition_c_10shot_004.cha,DLD_SC10,-0.4054900929861906,1.360823006709994,3.3705264882291224,2.30069673030448,1.7040847901740448,0.4074144528011084,4.9507114648789186,0.5860451490384492,-0.48226101594203896,0.817962044072682,-0.19887194304709346,0.023703359529789594,-0.5547262216253275,0.7102679582731388,0.24244106089119682
ENNI_B1_SYN_tagged/condition_c_10shot_005.cha,DLD_SC10,0.5393200318265791,0.22268012837072626,2.0784913344079587,1.4738838428513075,0.4035313907350302,0.4074144528011084,3.891489477044359,0.5860451490384492,-0.6534673811379761,0.5339729699115577,-0.3237821973769816,-0.8768112333116076,-0.3502114295457091,0.6399484188362253,0.38711240505189515
ENNI_B1_SYN_tagged/condition_c_10shot_006.cha,DLD_SC10,0.9270157915717794,0.22268012837072626,2.0784913344079587,2.714103174031066,1.5858526629523162,-0.3017069191013614,3.891489477044359,1.6033310681240591,-0.6969855896428795,0.4264306220999755,-0.013528293577723114,-0.0081191065441165,-1.3551811302830177,0.5395777941698616,1.2041211070995108
ENNI_B1_SYN_tagged/condition_c_10shot_007.cha,DLD_SC10,-0.6834127489082819,0.7917515675403601,2.0784913344079587,1.4738838428513075,1.8223169173957734,0.20480834654325988,3.891489477044359,1.094688108581254,-0.5948350642900524,0.40067197591756076,-0.48213299223613143,0.12284258076003494,-0.7875335738740633,0.5155369259863016,0.6953252686986005
ENNI_B1_SYN_tagged/condition_c_10shot_008.cha,DLD_SC10,0.8318367998176384,1.360823006709994,2.0784913344079587,1.4738838428513075,1.5858526629523162,0.10350529341433562,2.8322674892097996,2.111974027666864,-0.5017825272162609,0.3717270000917718,-0.5165172814440492,-0.15107966055821587,-0.9362342237207993,0.300544861438406,1.522558850589581
ENNI_B1_SYN_tagged/condition_c_10shot_009.cha,DLD_SC10,1.1738466435208506,-0.34639131079890756,3.3705264882291224,2.714103174031066,1.5858526629523162,0.6100205590589569,6.009933452713478,1.094688108581254,-0.8101329317556281,0.8727313655180418,0.004721936057527423,0.019985638733655574,-0.25571427858085777,0.9561158865352708,0.7547663209733223
ENNI_B1_SYN_tagged/condition_c_10shot_010.cha,DLD_SC10,-0.6859508553550587,1.360823006709994,3.3705264882291224,1.4738838428513075,1.2311562812871304,0.10350529341433562,3.891489477044359,0.5860451490384492,-0.42671461050716397,0.9415018668817642,-0.38429611669386515,-0.18696748558448226,-0.8120396109528778,0.5924044387311056,0.3318261019058158
ENNI_B1_SYN_tagged/condition_c_10shot_011.cha,DLD_SC10,0.7506173935207716,0.7917515675403601,2.0784913344079587,1.0604773991247212,1.8223169173957734,-0.50431302535921,6.009933452713478,0.5860451490384492,-0.5721786520439113,0.4426634293168183,-0.5810071320473993,0.24255786677391644,-1.590645729273004,0.9637857172880778,0.28801431450703624
ENNI_B1_SYN_tagged/condition_c_10shot_012.cha,DLD_SC10,1.1738466435208506,0.22268012837072626,8.538667103513776,1.8872902865778938,1.349388408508859,0.5087175059300326,3.891489477044359,0.5860451490384492,-0.6858981479855791,2.67317521332284,-0.26833404746606127,-0.14742230259375522,-0.3493515828581309,0.5651499278428207,0.30013331666284065
ENNI_B1_SYN_tagged/condition_c_10shot_013.cha,DLD_SC10,-0.9765640435110352,-0.34639131079890756,0.7864561805867952,2.714103174031066,1.4676205357305876,0.5087175059300326,7.069155440548037,0.07740218949564423,-0.8025523405967094,0.01568823561960987,0.05240801994318189,-0.013393897446689125,-0.3301797754241277,1.2052616790538733,-0.17538114373111777
ENNI_B1_SYN_tagged/condition_c_10shot_014.cha,DLD_SC10,-0.6593007376638994,1.360823006709994,2.0784913344079587,1.8872902865778938,1.7040847901740448,0.6100205590589569,2.8322674892097996,0.5860451490384492,-0.44257144761421374,0.45952057527277,-0.2606083255626532,0.18448684011473912,-0.21521549959592168,0.3619989966832183,0.3063093466076254
ENNI_B1_SYN_tagged/condition_c_10shot_015.cha,DLD_SC10,-1.7075387001828362,0.22268012837072626,2.0784913344079587,0.2336645116715487,0.4035313907350302,-0.4030099722302857,2.8322674892097996,0.07740218949564423,-0.5589278247307722,0.7675994496401674,-0.6579501951810515,-0.543783217167478,-1.3324231957320958,0.5776494104226203,-0.011330262449158902
ENNI_B1_SYN_tagged/condition_c_10shot_016.cha,DLD_SC10,1.5970758935209295,1.360823006709994,3.3705264882291224,2.30069673030448,1.5858526629523162,1.521748037219275,-0.34539847429387804,1.094688108581254,-0.4612844851939619,0.8646155920651801,-0.15136853728247218,0.00584598427713657,0.8211507700807098,-0.26338720316104747,0.7459582857205462
ENNI_B1_SYN_tagged/condition_c_10shot_017.cha,DLD_SC10,-0.96387351127715,-0.34639131079890756,2.0784913344079587,1.4738838428513075,1.7040847901740448,-0.20040386597243715,3.891489477044359,1.6033310681240591,-0.8009771528234276,0.47112354586582794,-0.39844222770300647,0.21618795139890246,-1.2040168566307303,0.5812902615636751,1.3011314168046082
ENNI_B1_SYN_tagged/condition_c_10shot_018.cha,DLD_SC10,-1.8833025716221494,0.22268012837072626,0.7864561805867952,1.4738838428513075,0.6399956451784874,0.20480834654325988,4.9507114648789186,0.5860451490384492,-0.6079250699119144,0.1063045634980564,-0.19008865470014663,-0.4596964091045085,-0.47892847903271607,0.9970811066025889,0.5092565631653262
ENNI_B1_SYN_tagged/condition_c_10shot_019.cha,DLD_SC10,-0.532395415325045,0.22268012837072626,3.3705264882291224,2.714103174031066,1.4676205357305876,0.4074144528011084,2.8322674892097996,0.5860451490384492,-0.7012312685214066,0.8408621087885119,-0.03133339566089429,-0.13649111379957068,-0.5313035306978633,0.331492352788376,0.25900999532317487
ENNI_B1_SYN_tagged/condition_c_10shot_020.cha,DLD_SC10,-1.293827349358171,-0.34639131079890756,-0.5055789732343683,0.647070955398135,1.4676205357305876,-0.4030099722302857,3.891489477044359,0.07740218949564423,-0.7977645988121292,-0.4339081603926823,-0.695510558894979,0.030877908434610194,-1.451494015978188,0.5924044387311056,-0.16575062640889754
ENNI_B1_SYN_tagged/condition_c_10shot_021.cha,DLD_SC10,0.9974482454698439,0.22268012837072626,-0.5055789732343683,1.8872902865778938,1.5858526629523162,0.20480834654325988,7.069155440548037,0.5860451490384492,-0.6969855896428795,-0.4339081603926823,-0.3055319677417313,-0.0081191065441165,-0.7551992193950724,1.1418015421680434,0.27039687618795
ENNI_B1_SYN_tagged/condition_c_10shot_022.cha,DLD_SC10,-0.4638665412620639,1.360823006709994,5.954596795871449,1.8872902865778938,1.8223169173957734,1.6230510903481994,6.009933452713478,0.5860451490384492,-0.673592402462378,0.9433140013050507,-0.7256479258274979,-0.6859453742566718,-0.06794721237797104,0.507840047239786,-0.06544859817154422
ENNI_B1_SYN_tagged/condition_c_10shot_023.cha,DLD_SC10,0.11609078182650007,-0.9154627499685414,0.7864561805867952,1.4738838428513075,1.7040847901740448,0.0022022402854113615,2.8322674892097996,0.5860451490384492,-0.9098804226165073,0.06744033875771552,-0.28242376331148605,0.4830246435030134,-0.8562033684222516,0.4384850786785601,0.42489800792151783
ENNI_B1_SYN_tagged/condition_c_10shot_024.cha,DLD_SC10,-0.9315126540807421,0.22268012837072626,3.3705264882291224,2.714103174031066,1.9405490446175018,1.1165358247035782,6.009933452713478,0.5860451490384492,-0.692633768792389,0.8727313655180418,0.004721936057527423,0.3304153252108616,0.351767406193187,0.9561158865352708,0.28206842907434454
ENNI_B1_SYN_tagged/condition_c_10shot_025.cha,DLD_SC10,-1.2176841559548583,0.22268012837072626,2.0784913344079587,1.0604773991247212,0.16706713629157297,-0.4030099722302857,3.891489477044359,0.07740218949564423,-0.6588326397207724,0.5207143242909518,-0.5015344339614081,-1.122509006474693,-1.4357266470871528,0.6275739582609201,-0.1453022677110326
ENNI_B1_SYN_tagged/condition_c_10shot_026.cha,DLD_SC10,-0.26272160535497974,-0.34639131079890756,3.3705264882291224,1.4738838428513075,1.8223169173957734,-0.0991008128435129,7.069155440548037,1.6033310681240591,-0.8265281637970102,0.7815704683614796,-0.5109531571245509,0.05367568222730556,-1.157047569013045,1.0601045220907708,1.0955485221097947
ENNI_B1_SYN_tagged/condition_c_10shot_027.cha,DLD_SC10,0.6097524857246436,0.7917515675403601,2.0784913344079587,1.8872902865778938,1.2311562812871304,0.8126266653168053,3.891489477044359,0.5860451490384492,-0.5471215603544705,0.4891043082418249,-0.22044480440917247,-0.17326198066275109,0.09590094823537745,0.5980719330482723,0.33841652214839496
ENNI_B1_SYN_tagged/condition_c_10shot_028.cha,DLD_SC10,1.310904391646814,1.9298944458796277,2.0784913344079587,1.8872902865778938,1.7040847901740448,1.521748037219275,-0.34539847429387804,1.094688108581254,-0.3614997640778064,0.4107880987819273,-0.3267685985900227,0.051342172721252174,0.7567551960425503,-0.26338720316104747,0.7117937853461425
ENNI_B1_SYN_tagged/condition_c_10shot_029.cha,DLD_SC10,0.5037865415717003,1.360823006709994,-0.5055789732343683,1.4738838428513075,1.4676205357305876,-0.6056160784881341,6.009933452713478,0.5860451490384492,-0.43868396496861445,-0.4339081603926823,-0.40537838535910187,-0.013393897446689125,-1.7097510853626037,0.9954546958803133,0.31256506726137534
ENNI_B1_SYN_tagged/condition_c_10shot_030.cha,DLD_SC10,-1.3763158088784262,1.360823006709994,2.0784913344079587,1.0604773991247212,0.8764598996219446,-0.4030099722302857,4.9507114648789186,0.07740218949564423,-0.2991048261694775,0.6722417028121634,-0.34724677833658957,-0.15411778331176212,-1.3723234705941019,1.0270922568350564,-0.06307606342332175
ENNI_B1_SYN_tagged/experiment_condition_C_2shot_001.cha,DLD_SC2,-2.6536178782189945,-0.34639131079890756,0.7864561805867952,-1.4199612632347964,-0.5423256270387986,-0.7069191316170584,-0.34539847429387804,0.07740218949564423,0.5215242484944139,2.4697352305200377,-1.4735466643977637,0.5028762621426425,-1.8351666589933742,-0.26338720316104747,2.4879919246029067
ENNI_B1_SYN_tagged/experiment_condition_C_2shot_002.cha,DLD_SC2,-2.859204500407939,-0.9154627499685414,-0.5055789732343683,-1.4199612632347964,-0.7787898814822558,-0.6056160784881341,0.7138235135406812,-0.43124077004716066,-0.6835953716413706,-0.4339081603926823,-1.4735466643977637,-1.6197198847100498,-1.4613317760555005,0.3619989966832183,-0.6633273547236109
ENNI_B1_SYN_tagged/experiment_condition_C_2shot_003.cha,DLD_SC2,-2.2595768523568522,1.9298944458796277,0.7864561805867952,1.8872902865778938,-0.3058613725953414,0.5087175059300326,1.7730455013752404,1.094688108581254,0.29771631904062545,0.3957042370109521,0.7790531077245847,-1.073909446947929,0.9418924714022588,0.5109004728366149,2.03780345612769
ENNI_B1_SYN_tagged/experiment_condition_C_2shot_004.cha,DLD_SC2,-2.8801438785938496,-0.9154627499685414,2.0784913344079587,-1.4199612632347964,-0.1876292453736128,-0.6056160784881341,0.7138235135406812,-0.43124077004716066,-0.6835953716413706,2.246378046603675,-1.4735466643977637,-0.027772774570530283,-1.4613317760555005,0.3619989966832183,-0.6633273547236109
ENNI_B1_SYN_tagged/experiment_condition_C_2shot_005.cha,DLD_SC2,-2.915677368848729,-0.34639131079890756,0.7864561805867952,-1.4199612632347964,-0.8970220087039844,-0.7069191316170584,0.7138235135406812,0.07740218949564423,0.20819314725911015,1.889006552337494,-1.4735466643977637,-1.7046237305841574,-1.8351666589933742,0.8206155432356799,1.8577280687376039
ENNI_B1_SYN_tagged/experiment_condition_C_2shot_006.cha,DLD_SC2,-2.7741779344409063,-0.34639131079890756,0.7864561805867952,1.8872902865778938,-0.6605577542605272,-0.6056160784881341,0.7138235135406812,0.07740218949564423,-0.43868396496861445,0.6900828296380481,1.5783627042841275,-1.4553898604375834,-1.5216277249164478,0.2611302547728528,0.5565381727576219
ENNI_B1_SYN_tagged/experiment_condition_C_2shot_007.cha,DLD_SC2,-4.304656121847489,-0.9154627499685414,2.0784913344079587,-1.4199612632347964,-1.015254135925713,-0.7069191316170584,-0.34539847429387804,-0.43124077004716066,-0.7094193635014232,2.0549290318182205,-1.4735466643977637,-2.2564987287658576,-1.8351666589933742,-0.26338720316104747,-0.6633273547236109
ENNI_B1_SYN_tagged/experiment_condition_C_2shot_008.cha,DLD_SC2,-2.5203672897631977,-0.34639131079890756,2.0784913344079587,-1.0065548195082101,-0.06939711815188422,-0.4030099722302857,-0.34539847429387804,-0.43124077004716066,-0.34883992160365274,2.147108187085291,-1.0355411531517518,0.19627904093058696,-0.7551992193950724,-0.26338720316104747,-0.6633273547236109
ENNI_B1_SYN_tagged/experiment_condition_C_2shot_009.cha,DLD_SC2,-2.3960000738711207,-0.34639131079890756,0.7864561805867952,1.4738838428513075,0.04883500906984437,-0.6056160784881341,0.7138235135406812,-0.43124077004716066,-0.5568230479647491,0.47112354586582794,0.6766622089917509,-0.3213526312456107,-1.5827067380483169,0.1589515292013138,-0.6633273547236109
ENNI_B1_SYN_tagged/experiment_condition_C_2shot_010.cha,DLD_SC2,-2.796386365850206,-0.9154627499685414,0.7864561805867952,-1.0065548195082101,-0.3058613725953414,-0.7069191316170584,0.7138235135406812,0.5860451490384492,-0.7686626389450731,0.5909071540471013,-1.1257187584082835,-0.7956531453437102,-1.8351666589933742,0.21484930260221455,1.5611333130362843
ENNI_B1_SYN_tagged/experiment_condition_C_2shot_011.cha,DLD_SC2,-1.3515692710223497,2.4989658850492615,0.7864561805867952,2.714103174031066,0.4035313907350302,1.1165358247035782,-0.34539847429387804,1.094688108581254,0.22024434346046795,0.23616339135640704,0.8007127209180692,-0.3461621965984342,1.529347287447489,-0.26338720316104747,1.518355223271671
ENNI_B1_SYN_tagged/experiment_condition_C_2shot_012.cha,DLD_SC2,-2.389654807754178,0.7917515675403601,0.7864561805867952,0.2336645116715487,0.16706713629157297,0.0022022402854113615,0.7138235135406812,0.5860451490384492,-0.12806461992024062,0.4159386857281139,-0.31977604940826826,-0.23744385736939383,-0.1757044957081786,0.13319916747190153,1.1813473453699608
ENNI_B1_SYN_tagged/experiment_condition_C_2shot_013.cha,DLD_SC2,-2.467701580992573,-0.9154627499685414,0.7864561805867952,2.30069673030448,-0.42409349981707,-0.7069191316170584,-0.34539847429387804,0.07740218949564423,-0.8130341456559549,0.4264306220999755,1.1544864030783093,-1.234507991392339,-1.8351666589933742,-0.26338720316104747,0.27039687618795
ENNI_B1_SYN_tagged/experiment_condition_C_2shot_014.cha,DLD_SC2,-2.925195268024143,-1.4845341891381751,-0.5055789732343683,-1.4199612632347964,-0.8970220087039844,-0.7069191316170584,0.7138235135406812,-0.43124077004716066,-1.0451312576821061,-0.4339081603926823,-1.4735466643977637,-1.5666549810387327,-1.8351666589933742,1.0916162298348615,-0.6633273547236109
ENNI_B1_SYN_tagged/experiment_condition_C_2shot_015.cha,DLD_SC2,-2.4962552785188152,-0.34639131079890756,-0.5055789732343683,0.647070955398135,-0.06939711815188422,-0.6056160784881341,2.8322674892097996,-0.43124077004716066,-0.5438014957056195,-0.4339081603926823,0.10327317608788024,-0.4904987345844171,-1.5759744734897816,1.0374160925150253,-0.6633273547236109
ENNI_B1_SYN_tagged/experiment_condition_C_2shot_016.cha,DLD_SC2,-2.200565877469285,2.4989658850492615,-0.5055789732343683,0.2336645116715487,0.6399956451784874,-0.20040386597243715,2.8322674892097996,0.07740218949564423,0.07964705444462639,-0.4339081603926823,-0.6649211051743565,-0.27540899170334443,-1.004422474686988,0.5704610632979735,-0.01690288716945327
ENNI_B1_SYN_tagged/experiment_condition_C_2shot_017.cha,DLD_SC2,-2.3211259336911962,3.068037324218895,0.7864561805867952,3.1275096177576525,-0.6605577542605272,-0.6056160784881341,-0.34539847429387804,-0.43124077004716066,0.7890020178416249,0.4159386857281139,1.6993225268233494,-1.6507822673469186,-1.5981006356669178,-0.26338720316104747,-0.6633273547236109
ENNI_B1_SYN_tagged/experiment_condition_C_2shot_018.cha,DLD_SC2,-1.9937102020569522,3.068037324218895,0.7864561805867952,2.30069673030448,0.16706713629157297,1.3191419309614265,-0.34539847429387804,0.07740218949564423,0.2741575896244372,0.1773851850626272,0.39373998880891975,-0.8041961019719102,1.575256834474947,-0.26338720316104747,0.00010828302934026043
ENNI_B1_SYN_tagged/experiment_condition_C_2shot_019.cha,DLD_SC2,-2.499427911577287,-1.4845341891381751,0.7864561805867952,1.0604773991247212,-0.8970220087039844,-0.6056160784881341,-0.34539847429387804,-0.43124077004716066,-1.0451312576821061,1.3529493109382222,2.1652683521075686,-1.8319794993953191,-1.3367201484095426,-0.26338720316104747,-0.6633273547236109
ENNI_B1_SYN_tagged/experiment_condition_C_2shot_020.cha,DLD_SC2,-1.7970069524317283,-1.4845341891381751,0.7864561805867952,1.0604773991247212,0.8764598996219446,0.0022022402854113615,3.891489477044359,1.094688108581254,-1.0451312576821061,0.053416604515746265,-0.48114256898721863,-0.4040511824216895,-0.8835869569696957,0.6462654511578845,0.9233508838184122
ENNI_B1_SYN_tagged/experiment_condition_C_2shot_021.cha,DLD_SC2,-2.2722673845907373,0.22268012837072626,2.0784913344079587,1.4738838428513075,0.4035313907350302,-0.0991008128435129,1.7730455013752404,0.07740218949564423,-0.457635442865911,1.0179135350636777,0.25110003613340937,-0.18696748558448226,-0.6202032894452846,0.414114513336907,0.12450246510801853
ENNI_B1_SYN_tagged/experiment_condition_C_2shot_022.cha,DLD_SC2,-2.7557766627017726,2.4989658850492615,0.7864561805867952,0.647070955398135,-1.015254135925713,-0.4030099722302857,2.8322674892097996,1.6033310681240591,0.6639474763286434,0.47112354586582794,0.06231681659474634,-2.2564987287658576,-1.0777868961582016,1.0036289939260363,3.265590188332827
ENNI_B1_SYN_tagged/experiment_condition_C_2shot_023.cha,DLD_SC2,-2.3674463763448785,-1.4845341891381751,0.7864561805867952,-1.4199612632347964,-0.8970220087039844,-0.6056160784881341,0.7138235135406812,0.07740218949564423,-1.0451312576821061,0.8566000133463043,-1.4735466643977637,-1.9499015075538022,-1.475177512460607,0.3388365448371343,0.7372589916437303
ENNI_B1_SYN_tagged/experiment_condition_C_2shot_024.cha,DLD_SC2,-2.5311542421620006,-0.34639131079890756,-0.5055789732343683,0.2336645116715487,-0.8970220087039844,-0.6056160784881341,2.8322674892097996,0.5860451490384492,-0.5630834096277922,-0.4339081603926823,-0.2606083255626532,-2.0442391140805882,-1.5859434037014581,0.9873851965274841,1.2759460479388616
ENNI_B1_SYN_tagged/experiment_condition_C_2shot_025.cha,DLD_SC2,-1.8077939048305307,1.360823006709994,2.0784913344079587,1.0604773991247212,0.16706713629157297,0.20480834654325988,2.8322674892097996,0.5860451490384492,-0.05566462220219868,1.0331958687000604,0.020282658167583144,-0.5137355766131206,0.006462027479519661,0.7635627671095363,0.9289181758834719
ENNI_B1_SYN_tagged/experiment_condition_C_2shot_026.cha,DLD_SC2,-2.1301334235712206,0.7917515675403601,2.0784913344079587,1.8872902865778938,-0.06939711815188422,0.10350529341433562,1.7730455013752404,0.07740218949564423,-0.20019345659814008,1.1321017583018187,0.6525025587289474,-0.7682964864781269,-0.08780361065454863,0.4674011651962969,0.18646660824084352
ENNI_B1_SYN_tagged/experiment_condition_C_2shot_027.cha,DLD_SC2,-2.562880572746714,-1.4845341891381751,0.7864561805867952,-1.4199612632347964,-0.8970220087039844,-0.6056160784881341,-0.34539847429387804,-0.43124077004716066,-1.0451312576821061,1.889006552337494,-1.4735466643977637,-1.7046237305841574,-1.187186195234393,-0.26338720316104747,-0.6633273547236109
ENNI_B1_SYN_tagged/experiment_condition_C_2shot_028.cha,DLD_SC2,-2.732299178069084,-1.4845341891381751,0.7864561805867952,-0.5931483757816238,-0.6605577542605272,-0.6056160784881341,-0.34539847429387804,0.07740218949564423,-1.0451312576821061,0.8566000133463043,-0.5975356419057395,-1.3367070651296908,-1.475177512460607,-0.26338720316104747,0.7372589916437303
ENNI_B1_SYN_tagged/experiment_condition_C_2shot_029.cha,DLD_SC2,-2.5343268752204717,1.9298944458796277,0.7864561805867952,1.0604773991247212,-0.42409349981707,-0.4030099722302857,-0.34539847429387804,1.094688108581254,0.38270667199776054,0.44821135077067586,0.322830369066894,-1.208634808167693,-1.0969610673692183,-0.26338720316104747,2.208761102384102
ENNI_B1_SYN_tagged/experiment_condition_C_2shot_030.cha,DLD_SC2,-1.7773366274692055,1.360823006709994,0.7864561805867952,4.781135392663997,0.2852992635133016,-0.6056160784881341,-0.34539847429387804,-0.43124077004716066,-0.13251639971520118,0.2426689404025146,1.9709626958864097,-0.4883555307079837,-1.6464344850829913,-0.26338720316104747,-0.6633273547236109
ENNI_B1_SYN_tagged/experiment_condition_C_4shot_001.cha,DLD_SC4,-2.2811507571544576,0.7917515675403601,2.0784913344079587,5.60794828011717,0.04883500906984437,-0.3017069191013614,-0.34539847429387804,-0.43124077004716066,-0.3614997640778064,0.8331362283692321,2.1818084203644106,-0.9018964605016847,-1.1282788803472128,-0.26338720316104747,-0.6633273547236109
ENNI_B1_SYN_tagged/experiment_condition_C_4shot_002.cha,DLD_SC4,-2.2970139224468142,0.7917515675403601,3.3705264882291224,5.1945418363905835,0.8764598996219446,-0.7069191316170584,-0.34539847429387804,-0.43124077004716066,-0.46667384001692935,1.1742635638051322,1.4375053488065022,-0.21880642778727252,-1.8351666589933742,-0.26338720316104747,-0.6633273547236109
ENNI_B1_SYN_tagged/experiment_condition_C_4shot_003.cha,DLD_SC4,-0.352189857603872,-1.4845341891381751,0.7864561805867952,3.1275096177576525,1.8223169173957734,-0.6056160784881341,-0.34539847429387804,1.6033310681240591,-1.0451312576821061,-0.13091928481918105,-0.34234982231023664,-0.5288900388057529,-1.7506474680682895,-0.26338720316104747,0.6520059096909357
ENNI_B1_SYN_tagged/experiment_condition_C_4shot_004.cha,DLD_SC4,-2.218967149208419,-0.34639131079890756,0.7864561805867952,2.714103174031066,-0.42409349981707,-0.6056160784881341,2.8322674892097996,-0.43124077004716066,-0.6870385705560443,0.22978175753022526,0.7790531077245847,-1.468105874220572,-1.6500293836336652,0.6657580080361474,-0.6633273547236109
ENNI_B1_SYN_tagged/experiment_condition_C_4shot_005.cha,DLD_SC4,-2.7151669595533394,-0.34639131079890756,2.0784913344079587,3.1275096177576525,-0.5423256270387986,-0.50431302535921,0.7138235135406812,-0.43124077004716066,-0.6178615741794188,1.1498973255597107,1.4829905365128186,-1.5039419130635394,-1.3933617973395234,0.10615918765601869,-0.6633273547236109
ENNI_B1_SYN_tagged/experiment_condition_C_4shot_006.cha,DLD_SC4,-2.827478169823225,-0.9154627499685414,-0.5055789732343683,-0.5931483757816238,-0.3058613725953414,-0.7069191316170584,0.7138235135406812,-0.43124077004716066,-0.8239563626924796,-0.4339081603926823,-0.9170220148145953,-1.0878222620281397,-1.8351666589933742,0.11920200144956218,-0.6633273547236109
ENNI_B1_SYN_tagged/experiment_condition_C_4shot_007.cha,DLD_SC4,-1.9860958827166213,-0.34639131079890756,0.7864561805867952,1.4738838428513075,-0.7787898814822558,-0.6056160784881341,2.8322674892097996,-0.43124077004716066,-0.6870385705560443,0.22978175753022526,0.10327317608788024,-1.9411415869477433,-1.6500293836336652,0.6657580080361474,-0.6633273547236109
ENNI_B1_SYN_tagged/experiment_condition_C_4shot_008.cha,DLD_SC4,-2.830016276270002,-0.9154627499685414,0.7864561805867952,-1.4199612632347964,-0.8970220087039844,-0.7069191316170584,2.8322674892097996,-0.43124077004716066,-0.760284802013648,0.6219621635755797,-1.4735466643977637,-2.005646456865085,-1.8351666589933742,1.2147983601072172,-0.6633273547236109
ENNI_B1_SYN_tagged/experiment_condition_C_4shot_009.cha,DLD_SC4,-2.177722919448291,-0.9154627499685414,-0.5055789732343683,3.954322505210825,0.16706713629157297,-0.7069191316170584,1.7730455013752404,-0.43124077004716066,-0.8982573039780574,-0.4339081603926823,0.9286398113420844,-0.963041701777498,-1.8351666589933742,0.24473908421241844,-0.6633273547236109
ENNI_B1_SYN_tagged/experiment_condition_C_4shot_010.cha,DLD_SC4,-2.0603354962848512,-0.9154627499685414,-0.5055789732343683,5.60794828011717,0.4035313907350302,-0.6056160784881341,0.7138235135406812,-0.43124077004716066,-0.8787607614509713,-0.4339081603926823,2.0847635951052386,-0.49831289385070676,-1.6631364473759453,0.02440113659029608,-0.6633273547236109
ENNI_B1_SYN_tagged/experiment_condition_C_4shot_011.cha,DLD_SC4,-2.3090699280690052,-0.34639131079890756,2.0784913344079587,3.1275096177576525,-0.7787898814822558,-0.4030099722302857,-0.34539847429387804,0.07740218949564423,-0.5809370336298039,1.2867694045926332,1.7384937514063257,-1.84770243381645,-1.1151883659278397,-0.26338720316104747,0.27039687618795
ENNI_B1_SYN_tagged/experiment_condition_C_4shot_012.cha,DLD_SC4,-1.9556386053552963,-0.34639131079890756,-0.5055789732343683,6.848167611296929,-0.6605577542605272,-0.50431302535921,-0.34539847429387804,-0.43124077004716066,-0.7033155108799563,-0.4339081603926823,2.8268710823812655,-1.8049646393444667,-1.4817227696702935,-0.26338720316104747,-0.6633273547236109
ENNI_B1_SYN_tagged/experiment_condition_C_4shot_013.cha,DLD_SC4,-2.7215122256702817,-0.9154627499685414,0.7864561805867952,1.8872902865778938,-0.8970220087039844,-0.6056160784881341,-0.34539847429387804,0.07740218949564423,-0.7153090458554703,0.7886785305179368,1.8460740524141181,-1.966038203407068,-1.494124309646542,-0.26338720316104747,0.6635439207822914
ENNI_B1_SYN_tagged/experiment_condition_C_4shot_014.cha,DLD_SC4,-2.517829183316421,1.9298944458796277,3.3705264882291224,2.714103174031066,-0.1876292453736128,-0.6056160784881341,1.7730455013752404,-0.43124077004716066,0.03947640044010021,1.5763064948545855,0.8007127209180692,-1.142135751668194,-1.6482492175244372,0.3619989966832183,-0.6633273547236109
ENNI_B1_SYN_tagged/experiment_condition_C_4shot_015.cha,DLD_SC4,-1.873150145835041,2.4989658850492615,2.0784913344079587,2.30069673030448,0.04883500906984437,-0.6056160784881341,2.8322674892097996,-0.43124077004716066,0.17337858045518734,0.8566000133463043,0.4974781362092909,-0.8768112333116076,-1.6551720857269905,0.6399484188362253,-0.6633273547236109
ENNI_B1_SYN_tagged/experiment_condition_C_4shot_016.cha,DLD_SC4,-2.3985381803178973,3.6371087633885293,0.7864561805867952,3.1275096177576525,0.2852992635133016,-0.3017069191013614,0.7138235135406812,0.07740218949564423,0.6301043330809055,0.2560665067548948,1.1024461443164073,-0.45334279411277795,-1.0652888802698324,0.05859381062015866,0.08550098887873005
ENNI_B1_SYN_tagged/experiment_condition_C_4shot_017.cha,DLD_SC4,-2.921388108353977,-0.9154627499685414,-0.5055789732343683,1.8872902865778938,-0.8970220087039844,-0.7069191316170584,2.8322674892097996,-0.43124077004716066,-0.8041073336549491,-0.4339081603926823,0.9523300132724575,-2.0442391140805882,-1.8351666589933742,0.9873851965274841,-0.6633273547236109
ENNI_B1_SYN_tagged/experiment_condition_C_4shot_018.cha,DLD_SC4,-2.5026005446357584,-0.9154627499685414,0.7864561805867952,0.2336645116715487,-0.6605577542605272,-0.6056160784881341,1.7730455013752404,0.07740218949564423,-0.818626847150561,0.4056995671001526,-0.3336769001912741,-1.6580800560387128,-1.600956852815429,0.5202292400173097,0.24789749712984022
ENNI_B1_SYN_tagged/experiment_condition_C_4shot_019.cha,DLD_SC4,-2.6295058669746125,-0.9154627499685414,-0.5055789732343683,1.4738838428513075,-1.015254135925713,-0.50431302535921,1.7730455013752404,0.07740218949564423,-0.7803444115677647,-0.4339081603926823,0.8583700011091743,-2.2564987287658576,-1.2875775346900098,0.6526714557657645,0.4019073312459165
ENNI_B1_SYN_tagged/experiment_condition_C_4shot_020.cha,DLD_SC4,-2.064142655955017,-1.4845341891381751,0.7864561805867952,-1.0065548195082101,0.04883500906984437,-0.20040386597243715,0.7138235135406812,1.6033310681240591,-1.0451312576821061,0.11052497540345277,-1.2887630893408524,-1.092387404476334,-1.075814553025818,-0.009324059474314503,1.7001621047712776
ENNI_B1_SYN_tagged/experiment_condition_C_4shot_021.cha,DLD_SC4,-2.1548799614272975,0.22268012837072626,0.7864561805867952,4.367728948937411,0.5217635179567588,-0.7069191316170584,1.7730455013752404,-0.43124077004716066,-0.5975153987745289,0.11916677120974059,1.1544864030783093,-0.5483142105844051,-1.8351666589933742,0.2528045808373941,-0.6633273547236109
ENNI_B1_SYN_tagged/experiment_condition_C_4shot_022.cha,DLD_SC4,-2.340796258653719,-0.34639131079890756,2.0784913344079587,1.4738838428513075,-1.015254135925713,-0.6056160784881341,2.8322674892097996,0.5860451490384492,-0.5865979388011734,1.26578553184891,0.5455519118338535,-2.2564987287658576,-1.5981006356669178,0.9263719087377995,1.1813473453699608
ENNI_B1_SYN_tagged/experiment_condition_C_4shot_023.cha,DLD_SC4,-2.231657681442304,0.7917515675403601,0.7864561805867952,4.781135392663997,0.2852992635133016,-0.6056160784881341,-0.34539847429387804,-0.43124077004716066,-0.2777897852691166,0.2771881802390043,2.1467029693702964,-0.39814414305196943,-1.636805292536543,-0.26338720316104747,-0.6633273547236109
ENNI_B1_SYN_tagged/experiment_condition_C_4shot_024.cha,DLD_SC4,-2.465163474545796,-0.34639131079890756,-0.5055789732343683,3.5409160614842388,0.16706713629157297,-0.7069191316170584,1.7730455013752404,-0.43124077004716066,-0.6937318918107371,-0.4339081603926823,1.1790474597836933,-0.7091856497517451,-1.8351666589933742,0.34446480416422015,-0.6633273547236109
ENNI_B1_SYN_tagged/experiment_condition_C_4shot_025.cha,DLD_SC4,-1.8052557983837538,1.9298944458796277,2.0784913344079587,8.088386942476689,0.5217635179567588,-0.4030099722302857,1.7730455013752404,0.07740218949564423,-0.2931366147173764,0.49525772469938834,2.153138968719217,-0.8216237334934372,-1.4463783807379855,0.1702138953976435,-0.15911627003136794
ENNI_B1_SYN_tagged/experiment_condition_C_4shot_026.cha,DLD_SC4,-1.9283539610524425,1.360823006709994,2.0784913344079587,1.4738838428513075,-1.015254135925713,-0.4030099722302857,2.8322674892097996,0.07740218949564423,-0.19829044353263567,0.8217214140560617,0.01803967119676417,-2.2564987287658576,-1.3097770937833895,0.6155339425660287,0.01803897594158223
ENNI_B1_SYN_tagged/experiment_condition_C_4shot_027.cha,DLD_SC4,-2.4359752504078593,-1.4845341891381751,-0.5055789732343683,1.0604773991247212,-0.7787898814822558,-0.7069191316170584,0.7138235135406812,-0.43124077004716066,-1.0451312576821061,-0.4339081603926823,0.7790531077245847,-1.7309034924023339,-1.8351666589933742,0.2528045808373941,-0.6633273547236109
ENNI_B1_SYN_tagged/experiment_condition_C_4shot_028.cha,DLD_SC4,-1.90424194980806,1.9298944458796277,4.662561642050286,2.30069673030448,0.04883500906984437,-0.7069191316170584,1.7730455013752404,-0.43124077004716066,-0.11290649367624275,1.8698089100835256,0.2857151411027481,-1.025042121252973,-1.8351666589933742,0.2741348198455942,-0.6633273547236109
ENNI_B1_SYN_tagged/experiment_condition_C_4shot_029.cha,DLD_SC4,-2.658059564500855,-1.4845341891381751,0.7864561805867952,1.0604773991247212,-0.5423256270387986,-0.6056160784881341,1.7730455013752404,-0.43124077004716066,-1.0451312576821061,0.49525772469938834,0.41863714418500897,-1.3734987316751373,-1.5759744734897816,0.6038149939563345,-0.6633273547236109
ENNI_B1_SYN_tagged/experiment_condition_C_4shot_030.cha,DLD_SC4,-2.3249330933613623,-0.34639131079890756,0.7864561805867952,1.4738838428513075,-0.42409349981707,-0.6056160784881341,1.7730455013752404,0.07740218949564423,-0.6728566819569924,0.2560665067548948,0.1657214866021633,-1.43688239483264,-1.642697214312489,0.3805748244013648,0.08550098887873005
ENNI_B1_SYN_tagged/experiment_condition_C_6shot_001.cha,DLD_SC6,-1.5431963077540196,0.7917515675403601,0.7864561805867952,5.60794828011717,1.1129241540654018,-0.50431302535921,1.7730455013752404,0.5860451490384492,-0.5438014957056195,0.030674782153353005,1.2070470644278306,-0.26974873531173726,-1.5759744734897816,0.1702138953976435,0.34509481466087505
ENNI_B1_SYN_tagged/experiment_condition_C_6shot_002.cha,DLD_SC6,-1.9283539610524425,-0.34639131079890756,-0.5055789732343683,2.30069673030448,0.758227772400216,-0.4030099722302857,1.7730455013752404,-0.43124077004716066,-0.7443334004962142,-0.4339081603926823,0.22941876332673153,-0.26974873531173726,-1.3686207250869078,0.2569341151093817,-0.6633273547236109
ENNI_B1_SYN_tagged/experiment_condition_C_6shot_003.cha,DLD_SC6,-1.4581697417869874,1.360823006709994,-0.5055789732343683,3.5409160614842388,1.349388408508859,-0.3017069191013614,2.8322674892097996,0.07740218949564423,-0.4056800306712815,-0.4339081603926823,0.457253140278535,-0.003947715779326465,-1.3062030151084918,0.40028794769409176,-0.14882624789479162
ENNI_B1_SYN_tagged/experiment_condition_C_6shot_004.cha,DLD_SC6,-1.3997932935111141,0.22268012837072626,3.3705264882291224,0.2336645116715487,1.1129241540654018,0.0022022402854113615,3.891489477044359,1.094688108581254,-0.6045093965699598,1.1993912469957229,-0.7344123641701182,0.07172391981318967,-0.7720737106387958,0.7528653715858844,1.1092897398975556
ENNI_B1_SYN_tagged/experiment_condition_C_6shot_005.cha,DLD_SC6,-2.1593216477091572,5.913394520067064,-0.5055789732343683,5.1945418363905835,0.9946920268436732,-0.0991008128435129,1.7730455013752404,0.07740218949564423,0.7519147641086082,-0.4339081603926823,1.3090765835180782,-0.18696748558448226,-0.9775454569594285,0.21484930260221455,-0.10721218778363714
ENNI_B1_SYN_tagged/experiment_condition_C_6shot_006.cha,DLD_SC6,-1.9048764764197545,1.360823006709994,-0.5055789732343683,3.954322505210825,1.2311562812871304,-0.6056160784881341,1.7730455013752404,-0.43124077004716066,-0.3330151185109605,-0.4339081603926823,0.8558462817742101,0.1265978542914838,-1.687898371775424,0.22934131792837403,-0.6633273547236109
ENNI_B1_SYN_tagged/experiment_condition_C_6shot_007.cha,DLD_SC6,-0.5070143508572741,-0.34639131079890756,0.7864561805867952,4.367728948937411,1.5858526629523162,1.1165358247035782,2.8322674892097996,0.5860451490384492,-0.8115925486868485,-0.0010669095733948297,0.5831748666704674,0.00584598427713657,0.33818396479451285,0.34257706501103613,0.2761964055724938
ENNI_B1_SYN_tagged/experiment_condition_C_6shot_008.cha,DLD_SC6,-1.7906616863147857,0.7917515675403601,2.0784913344079587,1.0604773991247212,0.9946920268436732,-0.3017069191013614,-0.34539847429387804,1.6033310681240591,-0.3676586063625298,0.8217214140560617,-0.1950440910310255,0.27914315477168306,-1.1346472387133946,-0.26338720316104747,2.062137967937162
ENNI_B1_SYN_tagged/experiment_condition_C_6shot_009.cha,DLD_SC6,-2.2595768523568522,-0.9154627499685414,-0.5055789732343683,2.714103174031066,-0.8970220087039844,-0.7069191316170584,3.891489477044359,0.07740218949564423,-0.8608188451907508,-0.4339081603926823,0.8453060421987716,-2.0941825528300635,-1.8351666589933742,1.0119101455409847,0.07815953452968746
ENNI_B1_SYN_tagged/experiment_condition_C_6shot_010.cha,DLD_SC6,-1.9283539610524425,-0.9154627499685414,0.7864561805867952,-0.17974193205503758,-0.7787898814822558,-0.4030099722302857,3.891489477044359,0.07740218949564423,-0.8660849141190752,0.22978175753022526,-0.7977667327610592,-1.9411415869477433,-1.2797548329142474,0.9754730784352124,0.05697419483673616
ENNI_B1_SYN_tagged/experiment_condition_C_6shot_011.cha,DLD_SC6,-1.0742811417119529,0.22268012837072626,3.3705264882291224,1.8872902865778938,1.5858526629523162,0.20480834654325988,6.009933452713478,0.5860451490384492,-0.6691339361997413,0.9598406672454234,-0.2120907920092485,0.17175126323362272,-0.6688018242272082,1.0374160925150253,0.34509481466087505
ENNI_B1_SYN_tagged/experiment_condition_C_6shot_012.cha,DLD_SC6,-1.5869786439609241,0.22268012837072626,0.7864561805867952,1.8872902865778938,1.349388408508859,0.10350529341433562,2.8322674892097996,0.07740218949564423,-0.6178615741794188,0.09402700159144867,-0.040074082138087476,0.2520239902418702,-0.6570203612497721,0.47570557847308487,-0.09036021302788033
ENNI_B1_SYN_tagged/experiment_condition_C_6shot_013.cha,DLD_SC6,-2.2697292781439606,0.7917515675403601,2.0784913344079587,1.0604773991247212,-0.42409349981707,-0.50431302535921,2.8322674892097996,0.07740218949564423,-0.34883992160365274,0.8566000133463043,-0.1595301306597272,-1.4900056757357185,-1.475177512460607,0.6399484188362253,0.03696581846005973
ENNI_B1_SYN_tagged/experiment_condition_C_6shot_014.cha,DLD_SC6,-1.952465972296825,-0.34639131079890756,0.7864561805867952,4.367728948937411,0.04883500906984437,-0.50431302535921,2.8322674892097996,-0.43124077004716066,-0.7419076113253603,0.1280873346226829,1.196874033198891,-1.054835426273446,-1.5216277249164478,0.523388983739803,-0.6633273547236109
ENNI_B1_SYN_tagged/experiment_condition_C_6shot_015.cha,DLD_SC6,-1.8223880168994993,1.360823006709994,3.3705264882291224,1.8872902865778938,0.4035313907350302,-0.50431302535921,3.891489477044359,0.07740218949564423,-0.2277457761987043,1.384025093048325,0.17183056045682116,-0.5288900388057529,-1.4970898952930363,0.8677460974268418,-0.005660722516337558
ENNI_B1_SYN_tagged/experiment_condition_C_6shot_016.cha,DLD_SC6,-1.951196919073436,4.206180202558163,-0.5055789732343683,0.2336645116715487,1.2311562812871304,0.10350529341433562,1.7730455013752404,1.6033310681240591,0.49584137134397926,-0.4339081603926823,-0.6980614969458078,0.3219336397879871,-0.5604509925822638,0.26972890162422825,1.8163992913038132
ENNI_B1_SYN_tagged/experiment_condition_C_6shot_017.cha,DLD_SC6,-2.6155462815173385,-1.4845341891381751,-0.5055789732343683,2.714103174031066,-0.7787898814822558,-0.7069191316170584,0.7138235135406812,0.07740218949564423,-1.0451312576821061,-0.4339081603926823,1.0426552087176255,-1.9042380916286021,-1.8351666589933742,0.08257112015705699,0.14126480170018096
ENNI_B1_SYN_tagged/experiment_condition_C_6shot_018.cha,DLD_SC6,-1.6523348849654347,0.7917515675403601,0.7864561805867952,-1.0065548195082101,1.349388408508859,-0.20040386597243715,6.009933452713478,0.07740218949564423,-0.3968600137469943,0.16684564462374257,-1.2696475470935857,0.5980271238981086,-0.9972608868912434,1.418686024006288,-0.011330262449158902
ENNI_B1_SYN_tagged/experiment_condition_C_6shot_019.cha,DLD_SC6,-0.5533347935109562,2.4989658850492615,3.3705264882291224,1.4738838428513075,1.4676205357305876,0.0022022402854113615,2.8322674892097996,0.5860451490384492,-0.1961050478832178,0.9148810276441942,-0.40537838535910187,-0.013393897446689125,-0.9572576435779805,0.3660337463596329,0.31256506726137534
ENNI_B1_SYN_tagged/experiment_condition_C_6shot_020.cha,DLD_SC6,-2.245617266899578,6.4824659592366976,2.0784913344079587,5.1945418363905835,-0.6605577542605272,-0.4030099722302857,0.7138235135406812,0.07740218949564423,1.4146643034174768,0.8686608373999397,2.063245501177512,-1.792304805061624,-1.2901363623736704,0.04053880050158632,0.04351061447112206
ENNI_B1_SYN_tagged/experiment_condition_C_6shot_021.cha,DLD_SC6,-1.9283539610524425,0.22268012837072626,2.0784913344079587,3.1275096177576525,0.6399956451784874,-0.4030099722302857,6.009933452713478,0.07740218949564423,-0.6010399330966358,0.6635318613696056,0.5750775378079942,-0.4314003095822825,-1.375967905148427,1.2729946421256526,-0.0678024515437965
ENNI_B1_SYN_tagged/experiment_condition_C_6shot_022.cha,DLD_SC6,-2.007669787514226,1.360823006709994,2.0784913344079587,1.8872902865778938,-0.1876292453736128,-0.6056160784881341,0.7138235135406812,0.5860451490384492,-0.1827520799702601,0.844760488816589,0.26240178384331225,-1.1932533194249675,-1.6568234120872325,0.034962176581171074,0.7244095756220119
ENNI_B1_SYN_tagged/experiment_condition_C_6shot_023.cha,DLD_SC6,-1.8331749692983015,-0.9154627499685414,-0.5055789732343683,6.848167611296929,-0.7787898814822558,-0.7069191316170584,-0.34539847429387804,-0.43124077004716066,-0.8608188451907508,-0.4339081603926823,3.164158748795307,-1.9318663768942692,-1.8351666589933742,-0.26338720316104747,-0.6633273547236109
ENNI_B1_SYN_tagged/experiment_condition_C_6shot_024.cha,DLD_SC6,-2.0939654067046476,1.360823006709994,0.7864561805867952,1.8872902865778938,-0.5423256270387986,-0.50431302535921,1.7730455013752404,0.07740218949564423,-0.13251639971520118,0.2426689404025146,0.363524994420462,-1.6135375658357216,-1.4577023111726084,0.36807070736131786,0.07096063269227676
ENNI_B1_SYN_tagged/experiment_condition_C_6shot_025.cha,DLD_SC6,-1.5286021956850515,0.7917515675403601,-0.5055789732343683,1.4738838428513075,1.8223169173957734,-0.3017069191013614,2.8322674892097996,0.07740218949564423,-0.5265142625340166,-0.4339081603926823,-0.33171160749436646,0.4838460897915499,-1.2989069648480105,0.4094420877058868,-0.14172968090404925
ENNI_B1_SYN_tagged/experiment_condition_C_6shot_026.cha,DLD_SC6,-1.0590525030312905,0.22268012837072626,-0.5055789732343683,8.088386942476689,1.5858526629523162,-0.7069191316170584,-0.34539847429387804,-0.43124077004716066,-0.7114058244137349,-0.4339081603926823,1.7454050809723376,-0.10124725657696955,-1.8351666589933742,-0.26338720316104747,-0.6633273547236109
ENNI_B1_SYN_tagged/experiment_condition_C_6shot_027.cha,DLD_SC6,-1.4296160442607453,0.7917515675403601,2.0784913344079587,1.8872902865778938,1.349388408508859,-0.3017069191013614,6.009933452713478,0.5860451490384492,-0.553631491038492,0.4770387857760143,-0.23682522087961164,-0.09228304962193543,-1.3269466874177027,1.0119101455409847,0.32532183094745365
ENNI_B1_SYN_tagged/experiment_condition_C_6shot_028.cha,DLD_SC6,-1.9860958827166213,1.360823006709994,0.7864561805867952,1.4738838428513075,-0.6605577542605272,-0.6056160784881341,1.7730455013752404,0.07740218949564423,-0.11444481836932181,0.2560665067548948,0.1657214866021633,-1.7647289284059267,-1.642697214312489,0.3805748244013648,0.08550098887873005
ENNI_B1_SYN_tagged/experiment_condition_C_6shot_029.cha,DLD_SC6,-1.637740772896466,-0.34639131079890756,-0.5055789732343683,3.5409160614842388,1.1129241540654018,-0.4030099722302857,2.8322674892097996,0.07740218949564423,-0.7467206850770547,-0.4339081603926823,0.7790531077245847,0.10867983486999977,-1.3723234705941019,0.5109004728366149,-0.06307606342332175
ENNI_B1_SYN_tagged/experiment_condition_C_6shot_030.cha,DLD_SC6,-1.3211119936610247,1.360823006709994,0.7864561805867952,-0.5931483757816238,0.2852992635133016,-0.20040386597243715,6.009933452713478,0.07740218949564423,-0.2991048261694775,0.11916677120974059,-1.098113369044039,-0.811111828766167,-1.063761344994587,1.2851881488342773,-0.06307606342332175
ENNI_B1_TD_tagged/403.cha,TD,-1.0825299876639785,0.7917515675403601,2.0784913344079587,0.2336645116715487,-0.1876292453736128,-0.7069191316170584,-0.34539847429387804,-0.43124077004716066,1.3048520015826743,3.921556925976398,1.4829905365128186,1.3651809468015492,-1.8351666589933742,-0.26338720316104747,-0.6633273547236109
ENNI_B1_TD_tagged/404.cha,TD,-2.3090699280690052,-0.34639131079890756,-0.5055789732343683,-0.17974193205503758,-0.8970220087039844,-0.50431302535921,-0.34539847429387804,-0.43124077004716066,1.0437427505532542,-0.4339081603926823,2.4685029368163454,-1.3367070651296908,0.3247682202032294,-0.26338720316104747,-0.6633273547236109
ENNI_B1_TD_tagged/407.cha,TD,-0.024774125969627917,1.360823006709994,-0.5055789732343683,0.647070955398135,-0.6605577542605272,-0.6056160784881341,-0.34539847429387804,-0.43124077004716066,1.7195549296882238,-0.4339081603926823,2.0047323954970393,-0.7956531453437102,-1.2634191909707437,-0.26338720316104747,-0.6633273547236109
ENNI_B1_TD_tagged/408.cha,TD,-0.23607148766382044,-0.9154627499685414,0.7864561805867952,-0.5931483757816238,-0.8970220087039844,-0.50431302535921,-0.34539847429387804,-0.43124077004716066,-0.5975153987745289,1.2253166344145865,-0.34724677833658957,-1.8623023014932145,-0.9094802821948298,-0.26338720316104747,-0.6633273547236109
ENNI_B1_TD_tagged/411.cha,TD,0.16558385753865398,0.22268012837072626,-0.5055789732343683,1.0604773991247212,-0.1876292453736128,-0.20040386597243715,-0.34539847429387804,-0.43124077004716066,-0.2931366147173764,-0.4339081603926823,0.41863714418500897,-0.7112487338570972,-0.539205731475412,-0.26338720316104747,-0.6633273547236109
ENNI_B1_TD_tagged/412.cha,TD,0.5190151802523624,-0.34639131079890756,-0.5055789732343683,-0.5931483757816238,-0.1876292453736128,0.0022022402854113615,-0.34539847429387804,-0.43124077004716066,-0.3357023492248139,-0.4339081603926823,-0.5810071320473993,-0.06982420766855539,0.7323031030705132,-0.26338720316104747,-0.6633273547236109
ENNI_B1_TD_tagged/415.cha,TD,1.3350164028911964,-0.34639131079890756,-0.5055789732343683,-0.17974193205503758,1.1129241540654018,-0.4030099722302857,-0.34539847429387804,0.07740218949564423,-0.47543834634518967,-0.4339081603926823,-0.39844222770300647,2.2588421654480517,-0.9515569356856726,-0.26338720316104747,0.48260692866785027
ENNI_B1_TD_tagged/416.cha,TD,0.8210498474188361,0.22268012837072626,-0.5055789732343683,0.647070955398135,-0.42409349981707,0.5087175059300326,-0.34539847429387804,0.5860451490384492,-0.2277457761987043,-0.4339081603926823,0.2403879448257623,-1.0567704718491182,1.5456009780100053,-0.26338720316104747,1.5288947526339671
ENNI_B1_TD_tagged/419.cha,TD,1.244279097418915,-0.34639131079890756,-0.5055789732343683,-0.17974193205503758,0.16706713629157297,0.0022022402854113615,-0.34539847429387804,0.07740218949564423,-0.3078816077166848,-0.4339081603926823,-0.08223504043984275,0.9898247899500255,0.832988191778901,-0.26338720316104747,0.8196464237829858
ENNI_B1_TD_tagged/423.cha,TD,-0.7297331915619634,0.22268012837072626,0.7864561805867952,0.2336645116715487,-0.6605577542605272,-0.20040386597243715,-0.34539847429387804,-0.43124077004716066,0.019012105003832273,0.8809492241715684,0.31153240030296525,-1.3193525054384423,-0.0012596860905973823,-0.26338720316104747,-0.6633273547236109
ENNI_B1_TD_tagged/439.cha,TD,-0.08822678713905484,-0.9154627499685414,-0.5055789732343683,-0.17974193205503758,0.5217635179567588,0.4074144528011084,-0.34539847429387804,1.6033310681240591,-0.7645362416504906,-0.4339081603926823,-0.4144885625790478,0.9559079770679191,1.3563789087747418,-0.26338720316104747,3.8519957917740864
ENNI_B1_TD_tagged/443.cha,TD,-0.2785847706473367,0.22268012837072626,-0.5055789732343683,-0.5931483757816238,0.04883500906984437,-0.7069191316170584,0.7138235135406812,-0.43124077004716066,0.47918220778694076,-0.4339081603926823,-0.1950440910310255,1.7706972039114137,-1.8351666589933742,0.6155339425660287,-0.6633273547236109
ENNI_B1_TD_tagged/446.cha,TD,0.9904684527412063,0.7917515675403601,-0.5055789732343683,-0.17974193205503758,-0.6605577542605272,-0.20040386597243715,-0.34539847429387804,-0.43124077004716066,0.8830601345351494,-0.4339081603926823,0.34586084385490234,-0.9829410406542419,0.6570658939257836,-0.26338720316104747,-0.6633273547236109
ENNI_B1_TD_tagged/450.cha,TD,-1.1878614052052276,0.7917515675403601,-0.5055789732343683,-0.17974193205503758,-0.3058613725953414,-0.3017069191013614,-0.34539847429387804,-0.43124077004716066,1.4615175522003265,-0.4339081603926823,0.8916830963307022,1.054751260324343,0.7567551960425503,-0.26338720316104747,-0.6633273547236109
ENNI_B1_TD_tagged/454.cha,TD,-2.3090699280690052,0.7917515675403601,-0.5055789732343683,-1.0065548195082101,-0.7787898814822558,-0.6056160784881341,-0.34539847429387804,-0.43124077004716066,3.378366642110421,-0.4339081603926823,-0.08223504043984275,-0.308704617536328,-0.6916717229481135,-0.26338720316104747,-0.6633273547236109
ENNI_B1_TD_tagged/455.cha,TD,0.37180500633929175,0.7917515675403601,-0.5055789732343683,1.8872902865778938,-0.3058613725953414,-0.50431302535921,-0.34539847429387804,0.07740218949564423,0.14851103273809974,-0.4339081603926823,1.529919698432034,-0.679713019675286,-1.2180424077943446,-0.26338720316104747,0.5371752278769674
ENNI_B1_TD_tagged/458.cha,TD,-0.532395415325045,-1.4845341891381751,-0.5055789732343683,-1.4199612632347964,-0.06939711815188422,-0.4030099722302857,-0.34539847429387804,-0.43124077004716066,-1.0451312576821061,-0.4339081603926823,-1.4735466643977637,1.2290275755396163,-0.30047608693262956,-0.26338720316104747,-0.6633273547236109
ENNI_B1_TD_tagged/459.cha,TD,0.06596317950265335,-0.9154627499685414,2.0784913344079587,-1.0065548195082101,-0.06939711815188422,-0.0991008128435129,-0.34539847429387804,-0.43124077004716066,-0.6534673811379761,2.4697352305200377,-0.9807904642460001,0.5028762621426425,0.5947600801028049,-0.26338720316104747,-0.6633273547236109
ENNI_B1_TD_tagged/461.cha,TD,0.8210498474188361,-0.34639131079890756,-0.5055789732343683,-0.5931483757816238,-0.06939711815188422,-0.3017069191013614,-0.34539847429387804,-0.43124077004716066,-0.3078816077166848,-0.4339081603926823,-0.5460055817591497,0.34056008620684863,-0.3105067442663599,-0.26338720316104747,-0.6633273547236109
ENNI_B1_TD_tagged/463.cha,TD,0.29248917987750783,-1.4845341891381751,-0.5055789732343683,-0.5931483757816238,-0.5423256270387986,-0.4030099722302857,3.891489477044359,0.07740218949564423,-1.0451312576821061,-0.4339081603926823,-0.48803426409423645,-0.8768112333116076,-0.6202032894452846,2.4466196628307704,0.912332284939648
ENNI_B1_TD_tagged/465.cha,TD,-0.6593007376638994,-0.34639131079890756,-0.5055789732343683,0.2336645116715487,-0.5423256270387986,0.4074144528011084,-0.34539847429387804,-0.43124077004716066,-0.3854868340288345,-0.4339081603926823,0.18626369400817713,-1.0946566273306997,1.916299183821779,-0.26338720316104747,-0.6633273547236109
ENNI_B1_TD_tagged/466.cha,TD,-1.3997932935111141,-1.4845341891381751,-0.5055789732343683,0.647070955398135,-0.06939711815188422,-0.20040386597243715,-0.34539847429387804,-0.43124077004716066,-1.0451312576821061,-0.4339081603926823,2.4685029368163454,2.1585012566877433,1.4047356598015308,-0.26338720316104747,-0.6633273547236109
ENNI_B1_TD_tagged/469.cha,TD,-0.13074007012257113,0.22268012837072626,-0.5055789732343683,1.0604773991247212,-0.3058613725953414,-0.6056160784881341,-0.34539847429387804,-0.43124077004716066,0.266487305628469,-0.4339081603926823,1.8267739319675376,0.05367568222730556,-1.3830872656731548,-0.26338720316104747,-0.6633273547236109
ENNI_B1_TD_tagged/472.cha,TD,-0.9131113823416083,-1.4845341891381751,-0.5055789732343683,-1.4199612632347964,-0.5423256270387986,-0.4030099722302857,-0.34539847429387804,0.07740218949564423,-1.0451312576821061,-0.4339081603926823,-1.4735466643977637,-0.048998736039057134,0.10877473228356911,-0.26338720316104747,1.8577280687376039
ENNI_B1_TD_tagged/503.cha,TD,1.0628044864743538,-0.34639131079890756,-0.5055789732343683,0.2336645116715487,0.16706713629157297,0.10350529341433562,-0.34539847429387804,0.07740218949564423,-0.3968600137469943,-0.4339081603926823,0.1576462740356609,0.5980271238981086,0.846131811733444,-0.26338720316104747,0.6406668298252931
ENNI_B1_TD_tagged/504.cha,TD,1.0977034501175384,-0.34639131079890756,0.7864561805867952,0.2336645116715487,0.8764598996219446,0.6100205590589569,-0.34539847429387804,0.5860451490384492,-0.7094193635014232,0.18830113766004344,-0.6288217498518831,0.10867983486999977,0.4211938844530779,-0.26338720316104747,0.6872380507020397
ENNI_B1_TD_tagged/507.cha,TD,0.12180152133174872,1.9298944458796277,2.0784913344079587,2.30069673030448,0.4035313907350302,-0.3017069191013614,2.8322674892097996,-0.43124077004716066,0.14222870489378295,1.0331958687000604,0.7671973194502568,-0.165182946182573,-1.016665020560977,0.7635627671095363,-0.6633273547236109
ENNI_B1_TD_tagged/508.cha,TD,0.15670048497493347,0.22268012837072626,-0.5055789732343683,-0.17974193205503758,-0.06939711815188422,-0.0991008128435129,-0.34539847429387804,-0.43124077004716066,0.10588095093737811,-0.4339081603926823,-0.025446810890539816,0.44656248681797966,0.5451697384885971,-0.26338720316104747,-0.6633273547236109
ENNI_B1_TD_tagged/511.cha,TD,0.3984551240304511,-0.9154627499685414,-0.5055789732343683,-1.0065548195082101,-0.3058613725953414,-0.20040386597243715,-0.34539847429387804,0.07740218949564423,-0.6364385169404052,-0.4339081603926823,-0.959366281630706,-0.09698786631572692,0.27781311413373816,-0.26338720316104747,0.9808392257945724
ENNI_B1_TD_tagged/512.cha,TD,0.09451687702889551,-1.4845341891381751,0.7864561805867952,-1.0065548195082101,1.349388408508859,1.0152327715746539,-0.34539847429387804,-0.43124077004716066,-1.0451312576821061,0.1827948606861256,-1.2642342961917048,0.6738109960927268,1.0893469385029124,-0.26338720316104747,-0.6633273547236109
ENNI_B1_TD_tagged/515.cha,TD,-2.3090699280690052,-0.9154627499685414,-0.5055789732343683,-1.0065548195082101,-0.8970220087039844,-0.7069191316170584,3.891489477044359,-0.43124077004716066,-0.1498995398669517,-0.4339081603926823,-0.34724677833658957,-1.468105874220572,-1.8351666589933742,5.930914204820251,-0.6633273547236109
ENNI_B1_TD_tagged/516.cha,TD,1.4555764591131077,0.22268012837072626,-0.5055789732343683,-0.17974193205503758,-0.3058613725953414,-0.0991008128435129,-0.34539847429387804,-0.43124077004716066,0.019012105003832273,-0.4339081603926823,-0.1347373658722169,-0.3822062821110269,0.365521708489958,-0.26338720316104747,-0.6633273547236109
ENNI_B1_TD_tagged/520.cha,TD,0.29248917987750783,0.22268012837072626,-0.5055789732343683,-0.5931483757816238,-0.42409349981707,-0.20040386597243715,-0.34539847429387804,0.07740218949564423,0.23667779282595577,-0.4339081603926823,-0.39844222770300647,-0.3751066895100619,0.3738576492758795,-0.26338720316104747,1.055574070363581
ENNI_B1_TD_tagged/524.cha,TD,1.3350164028911964,1.360823006709994,-0.5055789732343683,0.2336645116715487,0.04883500906984437,-0.0991008128435129,0.7138235135406812,-0.43124077004716066,0.49584137134397926,-0.4339081603926823,0.07742367050614835,0.1862266730219952,0.0769068406232914,0.26972890162422825,-0.6633273547236109
ENNI_B1_TD_tagged/528.cha,TD,0.17700533654915018,0.7917515675403601,-0.5055789732343683,1.4738838428513075,0.04883500906984437,1.4204449840903508,0.7138235135406812,1.6033310681240591,-0.5780538396915909,-0.4339081603926823,-0.44518589886364823,-1.3309940734300871,0.7004090687591604,-0.06139911377035295,1.2157201658685985
ENNI_B1_TD_tagged/532.cha,TD,-0.6593007376638994,-0.9154627499685414,-0.5055789732343683,-1.0065548195082101,-0.3058613725953414,-0.20040386597243715,-0.34539847429387804,-0.43124077004716066,-0.522912755623266,-0.4339081603926823,-0.8165383975287455,0.5028762621426425,0.8647519400023804,-0.26338720316104747,-0.6633273547236109
ENNI_B1_TD_tagged/533.cha,TD,-0.024774125969627917,0.22268012837072626,3.3705264882291224,1.0604773991247212,-0.3058613725953414,-0.50431302535921,0.7138235135406812,-0.43124077004716066,-0.05566462220219868,3.2338519123391745,1.0161688732111476,-0.5137355766131206,-1.1530819602997098,0.30714055810038793,-0.6633273547236109
ENNI_B1_TD_tagged/536.cha,TD,1.5222017533410064,-0.34639131079890756,-0.5055789732343683,0.2336645116715487,1.8223169173957734,1.2178388778325024,-0.34539847429387804,1.094688108581254,-0.7875988457078836,-0.4339081603926823,-0.8255385107735266,0.46507660473293705,0.6946200830793602,-0.26338720316104747,0.8907479063141239
ENNI_B1_TD_tagged/539.cha,TD,0.25695568962262916,-0.34639131079890756,2.0784913344079587,-0.5931483757816238,0.2852992635133016,-0.0991008128435129,-0.34539847429387804,0.07740218949564423,-0.47543834634518967,1.6778324875438415,-0.7568103732679257,0.5028762621426425,-0.06794721237797104,-0.26338720316104747,0.48260692866785027
ENNI_B1_TD_tagged/543.cha,TD,-0.15167944830848235,0.22268012837072626,-0.5055789732343683,-0.5931483757816238,0.04883500906984437,-0.4030099722302857,-0.34539847429387804,-0.43124077004716066,0.6136804547400919,-0.4339081603926823,-0.08223504043984275,2.1260380215005847,-0.11992425492548292,-0.26338720316104747,-0.6633273547236109
ENNI_B1_TD_tagged/547.cha,TD,0.5037865415717003,-0.34639131079890756,-0.5055789732343683,-0.5931483757816238,-0.3058613725953414,-0.50431302535921,-0.34539847429387804,-0.43124077004716066,-0.2777897852691166,-0.4339081603926823,-0.5081467620596144,-0.22920281707797982,-1.0417211931660504,-0.26338720316104747,-0.6633273547236109
ENNI_B1_TD_tagged/550.cha,TD,0.9999863519166207,3.068037324218895,2.0784913344079587,3.1275096177576525,5.4875128612693596,5.776476268634094,-0.34539847429387804,5.6724747444664985,-0.6953663074659528,-0.10978052605823911,-0.8684878883974585,-0.13883885202212445,1.0581414582560298,-0.26338720316104747,1.4473236974764758
ENNI_B1_TD_tagged/551.cha,TD,-0.8325265026564354,1.360823006709994,-0.5055789732343683,1.8872902865778938,-0.3058613725953414,-0.20040386597243715,-0.34539847429387804,0.07740218949564423,0.42360827935838163,-0.4339081603926823,1.4829905365128186,-0.704350296379826,-0.3164624470582622,-0.26338720316104747,0.5184173750238334
ENNI_B1_TD_tagged/557.cha,TD,0.5462998245552166,-0.9154627499685414,-0.5055789732343683,-0.17974193205503758,-0.06939711815188422,0.5087175059300326,-0.34539847429387804,-0.43124077004716066,-0.7977645988121292,-0.4339081603926823,-0.539903337794422,-0.5137355766131206,1.2342144851281152,-0.26338720316104747,-0.6633273547236109
ENNI_B1_TD_tagged/565.cha,TD,-1.8223880168994993,1.9298944458796277,-0.5055789732343683,-1.4199612632347964,-0.7787898814822558,-0.7069191316170584,-0.34539847429387804,-0.43124077004716066,3.466836600106272,-0.4339081603926823,-1.4735466643977637,-0.9319987331297774,-1.8351666589933742,-0.26338720316104747,-0.6633273547236109
ENNI_B1_TD_tagged/571.cha,TD,1.0329817357247226,-0.34639131079890756,0.7864561805867952,-0.17974193205503758,0.04883500906984437,0.20480834654325988,-0.34539847429387804,0.5860451490384492,-0.5503979399421524,0.48303185779028196,-0.539903337794422,-0.2958901825940285,0.46686919909774266,-0.26338720316104747,1.3269795585352424
