File,0adv,0art,0aux,0conj,0det,0for,0in,0it,0ne,0obj,0on,0one,0play,0prep ,0subj,0sux,0that,0to,0v,0with
548_B3.cha,0,0,0,0,0,0,0,0,0,0,0,0,0,0,0,0,0,0,0,0
409_B3.cha,0,0,0,0,0,0,0,0,0,0,0,0,0,0,0,0,0,0,0,0
518_B2.cha,0,0,0,0,0,0,0,0,0,0,0,0,0,0,0,0,0,0,0,0
569_B1.cha,0,0,0,0,0,0,0,0,0,0,0,0,0,0,0,0,0,0,0,0
459_B2.cha,0,0,0,0,0,0,0,0,0,0,0,0,0,0,0,0,0,0,0,0
536_B3.cha,0,0,0,0,0,0,0,0,0,0,0,0,0,0,0,0,0,0,0,0
501_B3.cha,0,0,0,0,0,0,0,0,0,0,0,0,0,0,0,0,0,0,0,0
415_B3.cha,0,0,0,0,0,0,0,0,0,0,0,0,0,0,0,0,0,0,0,0
427_B2.cha,0,0,0,0,1,0,0,0,0,0,0,0,0,0,8,0,0,0,0,0
403_B1.cha,0,0,0,0,0,0,0,0,0,0,0,0,0,0,0,0,0,0,0,0
410_B2.cha,0,0,0,0,0,0,0,0,0,0,0,0,0,0,0,0,0,0,0,0
520_B1.cha,0,0,0,0,0,0,0,0,0,0,0,0,0,0,0,0,0,0,0,0
533_B2.cha,0,0,0,0,0,0,0,0,0,0,0,0,0,0,0,0,0,0,0,0
504_B2.cha,0,0,0,0,0,0,0,0,0,0,0,0,0,0,0,0,0,0,0,0
517_B1.cha,0,0,0,0,0,0,0,0,0,0,0,0,0,0,0,0,0,0,0,0
456_B1.cha,0,0,0,0,0,0,0,0,0,0,0,0,0,0,0,0,0,0,0,0
472_B2.cha,0,0,0,0,0,0,0,0,0,0,0,0,0,0,0,0,0,0,0,0
461_B1.cha,0,0,0,0,0,0,0,0,0,0,0,0,0,0,0,0,0,0,0,0
564_B1.cha,0,0,0,0,0,0,0,0,0,0,0,0,0,0,0,0,0,0,0,0
553_B1.cha,0,0,0,0,0,0,0,0,0,0,0,0,0,0,0,0,0,0,0,0
463_B2.cha,0,0,0,0,0,0,0,0,0,0,0,0,0,0,0,0,0,0,0,0
454_B2.cha,0,0,0,0,0,0,0,0,0,0,0,0,0,0,0,0,0,0,0,0
515_B2.cha,0,0,0,0,0,0,0,0,0,0,0,0,0,0,0,0,0,0,0,0
506_B1.cha,0,0,0,0,0,0,0,0,0,0,0,0,0,0,0,0,0,0,0,0
531_B1.cha,0,0,0,0,0,0,0,0,0,0,0,0,0,0,0,0,0,0,0,0
522_B2.cha,0,0,0,0,0,0,0,0,0,0,0,0,0,0,0,0,0,0,0,0
412_B1.cha,0,0,0,0,0,0,0,0,0,0,0,0,0,0,0,0,0,0,0,0
401_B2.cha,0,0,0,0,0,0,0,0,0,0,0,0,0,0,0,0,1,0,0,0
425_B1.cha,0,0,0,0,0,0,0,0,0,0,0,0,0,0,0,0,0,0,0,0
404_B3.cha,0,0,0,0,0,0,0,0,0,0,0,0,0,0,0,0,0,0,0,0
510_B3.cha,0,0,0,0,0,0,0,0,0,0,0,0,0,0,0,0,0,0,0,0
527_B3.cha,0,0,0,0,1,0,0,0,0,0,0,0,0,0,1,0,0,0,0,0
466_B3.cha,0,0,0,0,0,0,0,0,0,0,0,0,0,0,0,0,0,0,0,0
572_B3.cha,0,0,2,0,0,0,0,0,0,0,0,0,0,0,1,0,0,0,0,0
545_B3.cha,0,0,0,0,0,0,0,0,0,0,0,0,0,0,0,0,0,0,0,0
448_B2.cha,0,0,0,0,0,0,0,0,0,0,0,0,0,0,0,0,0,0,0,0
439_B1.cha,0,0,0,0,0,0,0,0,0,0,0,0,0,0,0,0,0,0,0,0
509_B2.cha,0,0,0,0,0,0,0,0,0,0,0,0,0,0,0,0,0,0,0,0
418_B3.cha,0,0,0,0,0,0,0,0,0,0,0,0,0,0,0,0,0,0,0,0
559_B3.cha,0,0,0,0,0,0,0,0,0,0,0,0,0,0,0,0,0,0,0,0
480_B2.cha,0,0,0,0,0,0,0,0,0,0,0,0,0,0,0,0,0,0,0,0
522_B3.cha,0,0,0,0,0,0,0,0,0,0,0,0,0,0,0,0,0,0,0,0
515_B3.cha,0,0,0,0,0,0,0,0,0,0,0,0,0,0,0,0,0,0,0,0
401_B3.cha,0,0,0,0,0,0,0,0,0,0,0,0,0,0,0,0,0,0,0,0
454_B3.cha,0,0,1,0,0,0,0,0,0,0,0,0,0,0,1,0,0,0,0,0
463_B3.cha,0,0,0,0,0,0,0,0,0,0,0,0,0,0,0,0,0,0,0,0
466_B2.cha,0,0,0,0,0,0,0,0,0,0,0,0,0,0,0,0,0,0,0,0
545_B2.cha,0,0,0,0,0,0,0,0,0,0,0,0,0,0,0,0,0,0,0,0
561_B1.cha,0,0,0,0,0,0,0,0,0,0,0,0,0,0,0,0,0,0,0,0
572_B2.cha,0,0,0,0,0,0,0,0,0,0,0,0,0,0,0,0,0,0,0,0
417_B1.cha,0,0,0,0,0,0,0,0,0,0,0,0,0,0,0,0,0,0,0,0
404_B2.cha,0,0,0,0,0,0,0,0,0,0,0,0,0,0,0,0,0,0,0,0
527_B2.cha,0,0,0,0,0,0,0,0,0,0,0,0,0,0,0,0,0,0,0,0
510_B2.cha,0,0,0,0,0,0,0,0,0,0,0,0,0,0,0,0,0,0,0,0
503_B1.cha,0,0,0,0,0,0,0,0,0,0,0,0,0,0,0,0,0,0,0,0
509_B3.cha,0,0,0,0,0,0,0,0,0,0,0,0,0,0,0,0,0,0,0,0
448_B3.cha,0,0,0,0,0,0,0,0,0,0,0,0,0,0,0,0,0,0,0,0
559_B2.cha,0,0,0,0,0,0,0,0,0,0,0,0,0,0,0,0,0,0,0,0
469_B1.cha,0,0,0,0,0,0,0,0,0,0,0,0,0,0,0,0,0,0,0,0
480_B3.cha,0,0,2,0,0,0,0,0,0,0,0,0,0,0,0,0,0,0,1,0
528_B1.cha,0,0,0,0,0,0,0,0,0,0,0,0,0,0,0,0,0,0,0,0
418_B2.cha,0,0,0,0,0,0,0,0,0,0,0,0,0,0,0,0,0,0,0,0
409_B2.cha,0,0,0,0,0,0,0,0,0,0,0,0,0,0,0,0,0,0,0,0
539_B1.cha,0,0,0,0,0,0,0,0,0,0,0,0,0,0,0,0,0,0,0,0
548_B2.cha,0,0,0,0,0,0,0,0,0,0,0,0,0,0,0,0,0,0,0,0
459_B3.cha,0,0,0,0,0,0,0,0,0,0,0,0,0,0,0,0,0,0,0,0
518_B3.cha,0,0,0,0,0,0,0,0,0,0,0,0,0,0,0,0,0,0,0,0
501_B2.cha,0,0,0,0,0,0,0,0,0,0,0,0,0,0,0,0,0,0,0,0
512_B1.cha,0,0,0,0,0,0,0,0,0,0,0,0,0,0,0,0,0,0,0,0
536_B2.cha,0,0,0,0,0,0,0,0,0,0,0,0,0,0,0,0,0,0,0,0
406_B1.cha,0,0,0,0,0,0,0,0,0,0,0,0,0,0,0,0,0,0,0,0
415_B2.cha,0,0,0,0,0,0,0,0,0,0,0,0,0,0,0,0,0,0,0,0
570_B1.cha,0,0,0,0,0,0,0,0,0,0,0,0,0,0,0,0,0,0,0,0
547_B1.cha,0,0,0,0,0,0,0,0,0,0,0,0,0,0,0,0,0,0,0,0
464_B1.cha,0,0,0,0,0,0,0,0,0,0,0,0,0,0,0,0,0,0,0,0
461_B0.cha,0,0,0,0,0,0,0,0,0,0,0,0,0,0,0,0,0,0,0,0
472_B3.cha,0,0,0,0,0,0,0,0,0,0,0,0,0,0,0,0,0,0,0,0
410_B3.cha,0,0,0,0,0,0,0,0,0,2,0,0,0,0,0,0,0,0,0,0
427_B3.cha,0,0,0,0,1,0,0,0,0,0,0,0,0,0,7,0,0,0,0,0
504_B3.cha,0,0,0,0,0,0,0,0,0,0,0,0,0,0,0,0,0,0,0,0
533_B3.cha,0,0,0,0,0,0,0,0,0,0,0,0,0,0,0,0,0,0,0,0
561_B3.cha,0,0,0,0,0,0,0,0,0,0,0,0,0,0,0,0,0,0,0,0
503_B3.cha,0,0,0,0,0,0,0,0,0,0,0,0,0,0,0,0,0,0,0,0
417_B3.cha,0,0,0,0,0,0,0,0,0,0,0,0,0,0,0,0,0,0,0,0
412_B2.cha,0,0,0,0,0,0,0,0,0,0,0,0,0,0,0,0,0,0,0,0
401_B1.cha,0,0,0,0,0,0,0,0,0,0,0,0,0,0,0,0,0,0,0,0
425_B2.cha,0,0,0,0,0,0,0,0,0,0,0,0,0,0,1,0,0,0,0,0
515_B1.cha,0,0,0,0,0,0,0,0,0,0,0,0,0,0,0,0,0,0,0,0
506_B2.cha,0,0,0,0,0,0,0,0,0,0,2,0,0,0,0,0,0,0,0,0
531_B2.cha,0,0,0,0,1,0,0,0,0,0,0,0,0,0,1,0,0,0,1,0
522_B1.cha,0,0,0,0,0,0,0,0,0,0,0,0,0,0,0,0,0,0,0,0
463_B1.cha,0,0,0,0,0,0,0,0,0,0,0,0,0,0,0,0,0,0,0,0
454_B1.cha,0,0,0,0,0,0,0,0,0,0,0,0,0,0,0,0,0,0,0,0
564_B2.cha,0,0,0,0,0,0,0,0,0,0,0,0,0,0,0,0,0,0,0,0
553_B2.cha,0,0,0,0,0,0,0,0,0,0,0,0,0,0,0,0,0,0,0,0
480_B1.cha,0,0,0,0,1,0,0,0,0,0,0,0,0,0,2,0,0,0,1,0
469_B3.cha,0,0,0,0,0,0,0,0,0,0,0,0,0,0,0,0,0,0,0,0
528_B3.cha,0,0,0,0,0,0,0,0,0,0,0,0,0,0,0,0,0,0,0,0
509_B1.cha,0,0,0,0,0,0,0,0,0,0,0,0,0,0,0,0,0,0,0,0
439_B2.cha,0,0,0,0,0,0,0,0,0,0,0,0,0,0,0,0,0,0,0,0
448_B1.cha,0,0,0,0,0,0,0,0,0,0,0,0,0,0,1,0,0,0,0,0
459_B1.cha,0,0,0,0,0,0,0,0,0,0,0,0,0,0,0,0,0,0,0,0
569_B2.cha,0,0,1,0,1,0,0,0,0,0,0,0,0,0,0,0,0,0,0,0
518_B1.cha,0,0,0,0,0,0,0,0,0,0,0,0,0,0,0,0,0,0,0,0
539_B3.cha,0,0,0,0,0,0,0,0,0,0,0,0,0,0,0,0,0,0,0,0
456_B2.cha,0,0,0,0,0,0,0,0,0,0,0,0,0,0,0,0,0,0,0,0
472_B1.cha,0,0,0,0,0,0,0,0,0,0,0,0,0,0,0,0,0,0,0,0
461_B2.cha,0,0,0,0,0,0,0,0,0,0,0,0,0,0,0,0,0,0,0,0
520_B2.cha,0,0,0,0,0,0,0,0,0,0,0,0,0,0,0,0,0,0,0,0
533_B1.cha,0,0,0,0,0,0,0,0,0,0,0,0,0,0,0,0,0,0,0,0
504_B1.cha,0,0,0,0,0,0,0,0,0,0,0,0,0,0,0,0,0,0,0,0
517_B2.cha,0,0,0,0,0,0,0,0,0,0,0,0,0,0,0,0,0,0,0,0
427_B1.cha,0,0,0,0,0,0,0,0,0,0,0,0,0,0,3,0,0,0,0,0
403_B2.cha,0,0,0,0,0,0,0,0,0,0,0,0,0,0,0,0,0,0,0,0
410_B1.cha,0,0,0,0,0,0,0,0,0,0,0,0,0,0,0,0,0,0,0,0
406_B3.cha,0,0,0,0,1,0,0,0,0,0,0,0,0,0,2,0,0,0,0,0
512_B3.cha,0,0,0,0,0,0,0,0,0,0,0,0,0,0,0,0,0,0,0,0
464_B3.cha,0,0,0,0,0,0,0,0,0,0,0,0,0,0,0,0,0,0,0,0
547_B3.cha,0,0,0,0,0,0,0,0,0,0,0,0,0,0,0,0,0,0,0,0
570_B3.cha,0,0,0,0,0,0,0,0,0,0,0,0,0,0,0,0,0,0,0,0
569_B3.cha,0,0,1,0,1,0,0,0,0,0,0,0,0,0,0,0,0,0,0,0
548_B1.cha,0,0,0,0,0,0,0,0,0,0,0,0,0,0,0,0,0,0,0,0
539_B2.cha,0,0,0,0,0,0,0,0,0,0,0,0,0,0,0,0,0,0,0,0
409_B1.cha,0,0,0,0,0,0,0,0,0,0,0,0,0,0,0,0,0,0,0,0
517_B3.cha,0,0,0,0,0,0,0,0,0,0,0,0,0,0,0,0,0,0,0,0
520_B3.cha,0,0,0,0,0,0,0,0,0,0,0,0,0,0,0,0,0,0,0,0
403_B3.cha,0,0,0,0,0,0,0,0,0,0,0,0,0,0,0,0,0,0,0,0
461_B3.cha,0,0,0,0,0,0,0,0,0,0,0,0,0,0,0,0,0,0,0,0
456_B3.cha,0,0,0,0,0,0,0,0,0,0,0,0,0,0,0,0,0,0,0,0
464_B2.cha,0,0,0,0,0,0,0,0,0,0,0,0,0,0,0,0,0,0,0,0
570_B2.cha,0,0,1,0,1,0,0,0,0,0,0,0,0,0,0,0,0,0,0,0
547_B2.cha,0,0,0,0,0,0,0,0,0,0,0,0,0,0,0,0,0,0,0,0
406_B2.cha,0,0,0,0,0,0,0,0,0,0,0,0,0,0,0,0,0,0,0,0
415_B1.cha,0,0,0,0,0,0,0,0,0,0,0,0,0,0,0,0,0,0,0,0
501_B1.cha,0,0,0,0,0,0,0,0,0,0,0,0,0,0,0,0,0,0,0,0
512_B2.cha,0,0,0,0,0,0,0,0,0,0,0,0,0,0,0,0,0,0,0,0
536_B1.cha,0,0,0,0,0,0,0,0,0,0,0,0,0,0,0,0,0,0,0,0
527_B1.cha,0,0,0,0,0,0,0,0,0,0,0,0,0,0,0,0,0,0,0,0
510_B1.cha,0,0,0,0,0,0,0,0,0,0,0,0,0,0,0,0,0,0,0,0
503_B2.cha,0,0,0,0,0,0,0,0,0,0,0,0,0,0,0,0,0,0,0,0
417_B2.cha,0,0,0,0,0,0,0,0,0,0,0,0,0,0,0,0,0,0,0,0
404_B1.cha,0,0,0,0,0,0,0,0,0,0,0,0,0,0,0,0,0,0,0,0
545_B1.cha,0,0,0,0,0,0,0,0,0,0,0,0,0,0,0,0,0,0,0,0
561_B2.cha,0,0,0,0,0,0,0,0,0,0,0,0,0,0,0,0,0,0,0,0
572_B1.cha,0,0,0,0,0,0,0,0,0,0,0,0,0,0,0,0,0,0,0,0
466_B1.cha,0,0,0,0,0,0,0,0,0,0,0,0,0,0,0,0,0,0,0,0
553_B3.cha,0,0,0,0,0,0,0,0,0,0,0,0,0,0,0,0,0,0,0,0
564_B3.cha,0,0,0,0,0,0,0,0,0,0,0,0,0,0,0,0,0,0,0,0
425_B3.cha,0,0,0,0,0,0,0,0,0,0,0,0,0,0,0,0,0,0,0,0
412_B3.cha,0,0,0,0,0,0,0,0,0,0,0,0,0,0,0,0,0,0,0,0
531_B3.cha,0,0,1,0,0,0,0,0,0,0,0,0,0,0,0,0,0,0,1,0
506_B3.cha,0,0,0,0,0,0,0,0,0,0,0,0,0,0,0,0,0,0,0,0
418_B1.cha,0,0,0,0,0,0,0,0,0,0,0,0,0,0,0,0,0,0,0,0
528_B2.cha,0,0,0,0,0,0,0,0,0,0,0,0,0,0,0,0,0,0,0,0
469_B2.cha,0,0,0,0,0,0,0,0,0,0,0,0,0,0,0,0,0,0,0,0
559_B1.cha,0,0,0,0,0,0,0,0,0,0,0,0,0,0,0,0,0,0,0,0
439_B3.cha,0,0,0,0,0,0,0,0,0,0,0,0,0,0,0,0,0,0,0,0
450_B2.cha,0,0,0,0,0,0,0,0,0,0,0,0,0,0,0,0,0,0,0,0
443_B1.cha,0,0,0,0,0,0,0,0,0,0,0,0,0,0,0,0,0,0,0,0
557_B1.cha,0,0,0,0,0,0,0,0,0,0,0,0,0,0,0,0,0,0,0,0
544_B2.cha,0,0,0,0,0,0,0,0,0,0,0,0,0,0,0,0,0,0,0,0
421_B1.cha,0,0,0,0,0,0,0,0,0,0,0,0,0,0,0,0,0,0,0,0
405_B2.cha,0,0,0,0,0,0,0,0,0,0,0,0,0,0,0,0,0,0,0,0
416_B1.cha,0,0,0,0,0,0,0,0,0,0,0,0,0,0,0,0,0,0,0,0
526_B2.cha,0,0,0,0,0,0,0,0,0,0,0,0,0,0,0,0,0,0,0,0
535_B1.cha,0,0,1,0,0,0,0,0,0,0,0,0,0,0,0,0,0,0,3,0
502_B1.cha,0,0,0,0,0,0,0,0,0,0,0,0,0,0,0,0,0,0,0,0
511_B2.cha,0,0,0,0,0,0,0,0,0,0,0,0,0,0,0,0,0,0,0,0
523_B3.cha,0,0,0,0,0,0,0,0,0,0,0,0,0,0,0,0,0,0,0,0
514_B3.cha,0,0,0,0,0,0,0,0,0,0,0,0,0,0,0,0,0,0,0,0
541_B3.cha,0,0,0,0,0,0,0,0,0,0,0,0,0,0,0,0,0,0,0,0
576_B3.cha,0,0,0,0,0,0,0,0,0,0,0,0,0,0,0,0,0,0,0,0
455_B3.cha,0,0,0,0,0,0,0,0,0,0,0,0,0,0,0,0,0,0,0,0
468_B1.cha,0,0,0,0,0,0,0,0,0,0,0,0,0,0,0,0,0,0,0,0
529_B1.cha,0,0,0,0,2,0,0,0,0,0,0,0,0,0,0,0,0,0,0,0
419_B2.cha,0,0,0,0,0,0,0,0,0,0,0,0,0,0,0,0,0,0,0,0
508_B3.cha,0,0,0,0,0,0,0,0,0,0,0,0,0,0,0,0,0,0,0,0
458_B3.cha,0,0,0,0,0,0,0,0,0,0,0,0,0,0,0,0,0,0,0,0
408_B2.cha,0,0,0,0,0,0,0,0,0,0,0,0,0,0,0,0,0,0,0,0
538_B1.cha,0,0,0,0,0,0,0,0,0,0,0,0,0,0,0,0,0,0,0,0
479_B1.cha,0,0,0,0,0,0,0,0,0,0,0,0,0,0,0,0,0,0,0,0
549_B2.cha,0,0,0,0,0,0,0,0,0,0,0,0,0,0,0,0,0,0,0,0
444_B3.cha,0,0,0,0,0,0,0,0,0,0,0,0,0,0,1,0,0,0,0,0
567_B3.cha,0,0,1,0,0,0,0,0,0,0,0,0,0,0,0,0,0,0,0,0
411_B3.cha,0,0,0,0,0,0,0,0,0,0,0,0,0,0,0,0,0,0,0,0
505_B3.cha,0,0,0,0,0,0,0,0,0,0,0,0,0,0,0,0,0,0,0,0
532_B3.cha,0,0,0,0,0,0,0,0,0,0,0,0,0,0,0,0,0,0,0,0
513_B1.cha,0,0,0,0,0,0,0,0,0,0,0,0,0,0,0,0,0,0,0,0
524_B1.cha,0,0,0,0,0,0,0,0,0,1,0,0,0,0,0,0,0,0,0,0
414_B2.cha,0,0,0,0,0,0,0,0,0,0,0,0,0,0,0,0,0,0,0,0
407_B1.cha,0,0,0,0,0,0,0,0,0,0,0,0,0,0,0,0,0,0,0,0
423_B2.cha,0,0,0,0,0,0,0,0,0,0,0,0,0,0,0,0,0,0,1,0
562_B2.cha,0,0,0,0,0,0,0,0,0,0,0,0,0,0,0,0,0,0,0,0
571_B1.cha,0,0,0,0,0,0,0,0,0,0,0,0,0,0,0,0,0,0,0,0
555_B2.cha,0,0,0,0,0,0,0,0,0,0,0,0,0,0,0,0,0,0,0,0
465_B1.cha,0,0,0,0,0,0,0,0,0,0,0,0,0,0,0,0,0,0,0,0
441_B2.cha,0,0,0,0,0,0,0,0,0,0,0,0,0,0,0,0,0,0,0,0
452_B1.cha,0,0,1,0,0,0,0,0,0,0,0,0,0,0,0,0,0,0,0,0
429_B1.cha,0,0,0,0,0,0,0,0,0,0,0,0,0,0,0,0,0,0,0,0
568_B1.cha,0,0,0,0,0,0,0,0,0,0,0,0,0,0,1,1,0,1,0,0
458_B2.cha,0,0,0,0,0,0,0,0,0,0,0,0,0,0,0,0,0,0,0,0
549_B3.cha,0,0,0,0,0,0,0,0,0,0,0,0,0,0,0,0,0,0,0,0
408_B3.cha,0,0,0,0,0,0,0,0,0,0,0,0,0,0,0,0,0,0,0,0
411_B2.cha,0,0,0,0,0,0,0,0,0,0,0,0,0,0,0,0,0,0,0,0
402_B1.cha,0,0,0,0,0,0,0,0,0,0,0,0,0,0,0,0,0,0,0,0
532_B2.cha,0,0,0,0,0,0,0,0,0,0,0,0,0,0,0,0,0,0,0,0
516_B1.cha,0,0,0,0,0,0,0,0,0,0,0,0,0,0,0,0,0,0,0,0
505_B2.cha,0,0,0,0,0,0,0,0,0,0,0,0,0,0,0,0,0,0,0,0
444_B2.cha,0,0,0,0,0,0,0,0,0,0,0,0,0,0,0,0,0,0,0,0
457_B1.cha,0,0,0,0,0,0,0,0,0,0,0,0,0,0,0,0,0,0,0,0
460_B1.cha,0,0,0,0,0,0,0,0,0,0,0,0,0,0,0,0,0,0,0,0
543_B1.cha,0,0,0,0,0,0,0,0,0,0,0,0,0,0,0,0,0,0,0,0
567_B2.cha,0,0,0,0,0,0,0,0,0,0,0,0,0,0,0,0,0,0,0,0
574_B1.cha,0,0,0,0,0,0,0,0,0,0,0,0,0,0,0,0,0,0,0,0
555_B3.cha,0,0,0,0,0,0,0,0,0,0,0,0,0,0,0,0,0,0,0,0
562_B3.cha,0,0,0,0,1,0,0,0,0,0,0,0,0,0,0,0,0,0,0,0
441_B3.cha,0,0,0,0,0,0,0,0,0,0,0,0,0,0,0,0,0,0,0,0
423_B3.cha,0,0,0,0,1,0,0,0,0,0,0,0,0,0,0,0,0,0,0,0
414_B3.cha,0,0,0,0,0,0,0,0,0,0,0,0,0,0,0,0,0,0,0,0
405_B3.cha,0,0,0,0,0,0,0,0,0,0,0,0,0,0,0,0,0,0,0,0
511_B3.cha,0,0,0,0,0,0,0,0,0,0,0,0,0,0,0,0,0,0,0,0
526_B3.cha,0,0,0,0,0,0,0,0,0,0,0,0,0,0,0,0,0,0,0,0
450_B3.cha,0,0,1,0,0,0,0,0,0,0,0,0,0,0,0,0,0,0,0,0
544_B3.cha,0,0,0,0,0,0,0,0,0,0,0,0,0,0,0,0,0,0,0,0
576_B2.cha,0,0,0,0,0,0,0,0,0,0,0,0,0,0,0,0,0,0,1,0
565_B1.cha,0,0,0,0,0,0,0,0,0,0,0,0,0,0,0,0,0,0,0,0
541_B2.cha,0,0,0,0,0,0,0,0,0,0,0,0,0,0,0,0,0,0,0,0
471_B1.cha,0,0,0,0,0,0,0,0,0,0,0,0,0,0,0,0,0,0,0,0
455_B2.cha,0,0,0,0,0,0,0,0,0,0,0,0,0,0,0,0,0,0,0,0
446_B1.cha,0,0,0,0,0,0,0,0,0,0,0,0,0,0,0,0,0,0,0,0
507_B1.cha,0,0,0,0,0,0,0,0,0,0,0,0,0,0,0,0,0,0,0,0
514_B2.cha,0,0,0,0,0,0,0,0,0,0,0,0,0,0,0,0,0,0,0,0
523_B2.cha,0,0,0,0,0,0,0,0,0,0,0,0,0,0,0,0,0,0,0,0
530_B1.cha,0,0,0,0,0,0,0,0,0,0,0,0,0,0,0,0,0,0,0,0
413_B1.cha,0,0,0,0,1,0,0,0,0,0,0,0,0,0,0,0,0,1,0,0
419_B3.cha,0,0,0,0,0,0,0,0,0,0,0,0,0,0,0,0,0,0,0,0
508_B2.cha,0,0,0,0,0,0,0,0,0,0,0,0,0,0,0,0,0,0,0,0
549_B1.cha,0,0,0,0,0,0,0,0,0,0,0,0,0,0,0,0,0,0,0,0
479_B2.cha,0,0,0,0,0,0,0,0,0,0,0,0,0,0,0,0,0,0,0,0
538_B2.cha,0,0,0,0,0,0,0,0,0,0,0,0,0,0,0,0,0,0,0,0
408_B1.cha,0,0,0,0,0,0,0,0,0,0,0,0,0,0,0,0,0,0,0,0
429_B3.cha,0,0,0,0,0,0,0,0,0,0,0,0,0,0,0,0,0,0,0,0
568_B3.cha,0,0,0,0,2,0,0,0,0,0,0,0,0,0,4,0,0,1,0,0
465_B2.cha,0,0,0,0,0,0,0,0,0,0,0,0,0,0,0,0,0,0,0,0
441_B1.cha,0,0,0,0,0,0,0,0,0,0,0,0,0,0,0,0,0,0,0,0
452_B2.cha,0,0,0,0,0,0,0,0,0,0,0,0,0,0,0,0,0,0,0,0
562_B1.cha,0,0,0,0,0,0,0,0,0,0,0,0,0,0,0,0,0,0,0,0
571_B2.cha,0,0,0,0,0,0,0,0,0,0,0,0,0,0,0,0,0,0,0,0
555_B1.cha,0,0,0,0,0,0,0,0,0,0,0,0,0,0,0,0,0,0,0,0
414_B1.cha,0,0,0,0,0,0,0,0,0,0,0,0,0,0,0,0,0,0,0,0
407_B2.cha,0,0,0,0,0,0,0,0,0,0,0,0,0,0,0,0,0,0,0,0
423_B1.cha,0,0,0,0,0,0,0,0,0,0,0,0,0,0,0,0,0,0,0,0
513_B2.cha,0,0,0,0,0,0,0,0,0,0,0,0,0,0,0,0,0,0,0,0
524_B2.cha,0,0,0,0,0,0,0,0,0,0,0,0,0,0,0,0,0,0,0,0
516_B3.cha,0,0,0,0,0,0,0,0,0,0,0,0,0,0,0,0,0,0,0,0
402_B3.cha,0,0,3,0,0,0,0,0,0,0,0,0,0,0,0,0,0,0,0,0
574_B3.cha,0,0,0,0,0,0,0,0,0,0,0,0,0,0,0,0,0,0,0,0
543_B3.cha,0,0,0,0,0,0,0,0,0,0,0,0,0,0,0,0,0,0,0,0
460_B3.cha,0,0,0,0,0,0,0,0,0,0,0,0,0,0,0,0,0,0,0,0
457_B3.cha,0,0,0,0,0,0,0,0,0,0,0,0,0,0,1,0,0,0,1,0
446_B3.cha,0,0,0,0,0,0,0,0,0,0,0,0,0,0,0,0,0,0,0,0
471_B3.cha,0,0,0,0,0,0,0,0,0,0,0,0,0,0,0,0,0,0,0,0
565_B3.cha,0,0,0,0,0,0,0,0,0,0,0,0,0,0,0,0,0,0,0,0
413_B3.cha,0,0,0,0,0,0,0,0,0,0,0,0,0,1,1,0,0,0,0,0
530_B3.cha,0,0,0,0,0,0,0,0,0,0,0,0,0,0,0,0,0,0,0,0
507_B3.cha,0,0,0,0,0,0,0,0,0,0,0,0,0,0,0,0,0,0,0,0
526_B1.cha,0,0,0,0,0,0,0,0,0,0,0,0,0,0,0,0,0,0,0,0
535_B2.cha,0,0,0,0,1,0,0,0,0,0,0,0,0,0,0,0,0,0,0,0
502_B2.cha,0,0,0,0,0,0,0,0,0,0,0,0,0,0,0,0,0,0,0,0
511_B1.cha,0,0,0,0,0,0,0,0,0,0,0,0,0,0,0,0,0,0,0,0
421_B2.cha,0,0,0,0,0,0,0,0,0,0,0,0,0,0,0,0,0,0,0,0
405_B1.cha,0,0,0,0,0,0,0,0,0,0,0,0,0,0,0,0,0,0,0,0
416_B2.cha,0,0,0,0,0,0,0,0,0,0,0,0,0,0,0,0,0,0,0,0
557_B2.cha,0,0,0,0,0,0,0,0,0,0,0,0,0,0,0,0,0,0,0,0
544_B1.cha,0,0,0,0,0,0,0,0,0,0,0,0,0,0,0,0,0,0,0,0
450_B1.cha,0,0,0,0,0,0,0,0,0,0,0,0,0,0,0,0,0,0,0,0
443_B2.cha,0,0,0,0,0,0,0,0,0,0,0,0,0,0,0,0,0,0,0,0
419_B1.cha,0,0,0,0,0,0,0,0,0,0,0,0,0,0,0,0,0,0,0,0
529_B2.cha,0,0,0,0,1,0,0,0,0,0,0,0,0,0,0,0,0,0,0,0
468_B2.cha,0,0,0,0,0,0,0,0,0,0,0,0,0,0,0,0,0,0,0,0
413_B2.cha,0,0,0,0,0,0,0,0,0,0,0,0,0,1,2,0,0,0,2,0
507_B2.cha,0,0,0,0,0,0,0,0,0,0,0,0,0,0,0,0,0,0,0,0
514_B1.cha,0,0,0,0,0,0,0,0,0,0,0,0,0,0,0,0,0,0,0,0
523_B1.cha,0,0,0,0,0,0,0,0,0,0,0,0,0,0,0,0,0,0,0,0
530_B2.cha,0,0,0,0,0,0,0,0,0,0,0,0,0,0,0,0,0,0,0,0
471_B2.cha,0,0,0,0,0,0,0,0,0,0,0,0,0,0,0,0,0,0,0,0
455_B1.cha,0,0,0,0,0,0,0,0,0,0,0,0,0,0,0,0,0,0,0,0
446_B2.cha,0,0,0,0,0,0,0,0,0,0,0,0,0,0,0,0,0,0,0,0
576_B1.cha,0,0,0,0,0,0,0,0,0,0,0,0,0,0,0,0,0,0,0,0
565_B2.cha,0,0,0,0,0,0,0,0,0,0,0,0,0,0,0,0,0,0,0,0
541_B1.cha,0,0,0,0,0,0,0,0,0,0,0,0,0,0,0,0,0,0,0,0
557_B3.cha,0,0,0,0,0,0,0,0,0,0,0,0,0,0,0,0,0,0,0,1
443_B3.cha,0,0,0,0,0,0,0,0,0,0,0,0,0,0,0,0,0,0,0,0
502_B3.cha,0,0,0,0,0,0,0,0,0,0,0,0,0,0,0,0,0,0,0,0
535_B3.cha,0,0,2,0,2,0,0,0,0,1,0,0,0,0,0,0,0,0,2,0
416_B3.cha,0,0,0,0,0,0,0,0,0,0,0,0,0,0,0,0,0,0,0,0
421_B3.cha,0,0,1,0,0,0,0,0,0,2,0,0,0,0,0,0,0,0,0,0
508_B1.cha,0,0,0,0,0,0,0,0,0,0,0,0,0,0,0,0,0,0,0,0
468_B3.cha,0,0,0,0,0,0,0,0,0,0,0,0,0,0,0,0,0,0,0,0
529_B3.cha,0,0,0,0,1,0,0,0,0,1,0,0,0,1,3,0,0,0,1,0
538_B3.cha,0,0,0,0,0,0,0,0,0,0,0,0,0,0,0,0,0,0,0,0
479_B3.cha,0,0,0,0,0,0,0,0,0,0,0,0,0,0,1,0,0,0,0,0
458_B1.cha,0,0,0,0,0,0,0,0,0,0,0,0,0,0,0,0,0,0,0,0
568_B2.cha,0,0,0,0,1,0,0,0,0,0,0,0,0,0,0,0,0,0,0,0
429_B2.cha,0,0,0,0,0,0,0,0,0,0,0,0,0,0,0,0,0,0,0,0
407_B3.cha,0,0,0,0,0,0,0,0,0,0,0,0,0,0,0,0,0,0,0,0
524_B3.cha,0,0,0,0,0,0,0,0,1,0,0,1,0,0,0,0,0,0,0,0
513_B3.cha,0,0,0,0,0,0,0,0,0,0,0,0,0,0,0,0,0,0,0,0
452_B3.cha,0,0,1,0,0,0,0,0,0,0,0,0,0,0,0,0,0,0,0,0
465_B3.cha,0,0,0,0,0,0,0,0,0,0,0,0,0,0,0,0,0,0,0,0
571_B3.cha,0,0,0,0,0,0,0,0,0,0,0,0,0,0,0,0,0,0,0,0
543_B2.cha,0,0,0,0,0,0,0,0,0,0,0,0,0,0,0,0,0,0,0,0
567_B1.cha,0,0,0,0,0,0,0,0,0,0,0,0,0,0,0,0,0,0,0,0
574_B2.cha,0,0,0,0,0,0,0,0,0,0,0,0,0,0,0,0,0,0,0,0
444_B1.cha,0,0,0,0,0,0,0,0,0,0,0,0,0,0,0,0,0,0,0,0
457_B2.cha,0,0,0,0,0,0,0,0,0,0,0,0,0,0,0,0,0,0,0,0
460_B2.cha,0,0,0,0,0,0,0,0,0,0,0,0,0,0,0,0,0,0,0,0
532_B1.cha,0,0,0,0,0,0,0,0,0,0,0,0,0,0,0,0,0,0,0,0
516_B2.cha,0,0,0,0,0,0,0,0,0,0,0,0,0,0,0,0,0,0,0,0
505_B1.cha,0,0,0,0,0,0,0,0,0,0,0,0,0,0,0,0,0,0,0,0
411_B1.cha,0,0,0,0,0,0,0,0,0,0,0,0,0,0,0,0,0,0,0,0
402_B2.cha,0,0,0,0,0,0,0,0,0,0,0,0,0,0,0,0,0,0,0,0
511_A3.cha,0,0,0,0,0,0,0,0,0,0,0,0,0,0,0,0,0,0,0,0
502_A0.cha,0,0,0,0,0,0,0,0,0,0,0,0,0,0,0,0,0,0,0,0
535_A0.cha,0,0,2,0,0,0,0,0,0,0,0,0,0,0,0,0,0,0,0,0
526_A3.cha,0,0,0,0,0,0,0,0,0,0,0,0,0,0,0,0,0,0,0,0
416_A0.cha,0,0,0,0,0,0,0,0,0,0,0,0,0,0,0,0,0,0,0,0
405_A3.cha,0,0,0,0,0,0,0,0,0,0,0,0,0,0,0,0,0,0,0,0
421_A0.cha,0,0,0,0,0,0,0,0,0,0,0,0,0,0,0,0,0,0,0,0
544_A3.cha,0,0,0,0,0,0,0,0,0,0,0,0,0,0,0,0,0,0,0,0
557_A0.cha,0,0,0,0,0,0,0,0,0,0,0,0,0,0,0,0,0,0,0,0
450_A3.cha,0,0,0,0,0,0,0,0,0,0,0,0,0,0,0,0,0,0,0,0
471_A1.cha,0,0,0,0,0,0,0,0,0,0,0,0,0,0,0,0,0,0,0,0
455_A2.cha,0,0,0,0,0,0,0,0,0,0,0,0,0,0,0,0,0,0,0,0
446_A1.cha,0,0,0,0,0,0,0,0,0,0,0,0,0,0,0,0,0,0,0,0
576_A2.cha,0,0,0,0,0,0,0,0,0,0,0,0,0,0,0,0,0,0,0,0
565_A1.cha,0,0,0,0,0,0,0,0,0,0,0,0,0,0,0,0,0,0,0,0
541_A2.cha,0,0,0,0,0,0,0,0,0,0,0,0,0,0,0,0,0,0,0,0
413_A1.cha,0,0,2,0,1,0,0,0,0,1,0,0,1,0,1,0,0,1,0,0
507_A1.cha,0,0,0,0,0,0,0,0,0,0,0,0,0,0,0,0,0,0,0,0
514_A2.cha,0,0,0,0,0,0,0,0,0,0,0,0,0,0,1,0,0,0,0,0
523_A2.cha,0,0,0,0,0,0,0,0,0,0,0,0,0,0,0,0,0,0,0,0
530_A1.cha,0,0,0,0,0,0,0,0,0,0,0,0,0,0,0,0,0,0,0,0
419_A3.cha,0,0,0,0,0,0,0,0,0,0,0,0,0,0,0,0,0,0,0,0
529_A0.cha,0,0,1,0,0,0,0,0,0,0,0,0,0,0,0,0,0,0,0,0
468_A0.cha,1,0,0,0,0,0,0,0,0,0,0,0,0,0,1,0,0,0,0,0
508_A2.cha,0,0,0,0,0,0,0,0,0,0,0,0,0,0,0,0,0,0,0,0
429_A1.cha,0,0,0,0,0,0,0,0,0,0,0,0,0,0,0,0,0,0,0,0
458_A2.cha,0,0,0,0,0,0,0,0,0,0,0,0,0,0,0,0,0,0,0,0
568_A1.cha,0,0,0,0,0,0,0,0,0,0,0,0,0,0,1,0,0,1,0,0
549_A3.cha,0,0,0,0,0,0,0,0,0,0,0,0,0,0,0,0,0,0,0,0
538_A0.cha,0,0,0,0,0,0,0,0,0,0,0,0,0,0,0,0,0,0,0,0
408_A3.cha,0,0,0,0,0,0,0,0,0,0,0,0,0,0,0,0,0,0,0,0
532_A2.cha,0,0,0,0,0,0,0,0,0,0,0,0,0,0,0,0,0,0,0,0
516_A1.cha,0,0,0,0,0,0,0,0,0,0,0,0,0,0,0,0,0,0,0,0
505_A2.cha,0,0,0,0,0,0,0,0,0,1,0,0,0,0,0,0,0,0,0,0
411_A2.cha,0,0,0,0,0,0,0,0,0,0,0,0,0,0,0,0,0,0,0,0
402_A1.cha,0,0,0,0,1,0,0,0,0,0,0,0,0,0,0,0,0,0,0,0
543_A1.cha,0,0,0,0,0,0,0,0,0,0,0,0,0,0,0,0,0,0,0,0
567_A2.cha,0,0,1,0,0,0,0,0,0,0,0,0,0,0,1,0,0,1,0,0
574_A1.cha,0,0,0,0,0,0,0,0,0,0,0,0,0,0,0,0,0,0,0,0
444_A2.cha,0,2,1,0,0,0,0,0,0,0,0,0,0,0,0,0,0,0,0,0
457_A1.cha,0,0,0,0,0,0,0,0,0,0,0,0,0,0,0,0,0,0,0,0
460_A1.cha,0,0,0,0,0,0,0,0,0,0,0,0,0,0,0,0,0,0,0,0
452_A0.cha,0,0,1,0,0,0,0,0,0,0,0,0,0,0,1,0,0,0,0,0
441_A3.cha,0,0,0,0,0,0,0,0,0,0,0,0,0,0,0,0,0,0,0,0
465_A0.cha,0,0,1,0,0,0,0,0,0,0,0,0,0,0,1,0,0,0,0,0
555_A3.cha,0,0,0,0,0,0,0,0,0,0,0,0,0,0,0,0,0,0,0,0
571_A0.cha,0,0,0,0,0,0,0,0,0,0,0,0,0,0,0,0,0,0,0,0
562_A3.cha,0,0,0,0,0,0,0,0,0,0,0,0,0,0,0,0,0,0,0,0
423_A3.cha,0,0,0,0,0,0,0,0,0,0,0,0,0,0,0,0,0,0,0,0
414_A3.cha,0,0,0,0,0,0,0,0,0,0,0,0,0,0,0,0,0,0,0,0
513_A0.cha,0,0,0,0,0,0,0,0,0,0,0,0,0,0,0,0,0,0,0,0
458_A3.cha,0,0,0,0,0,0,0,0,0,0,0,0,0,0,0,0,0,0,0,0
568_A0.cha,0,0,0,0,0,0,0,0,0,0,0,0,0,0,2,0,0,0,0,0
429_A0.cha,0,0,0,0,0,0,0,0,0,0,0,0,0,0,0,0,0,0,0,0
538_A1.cha,0,0,0,0,0,0,0,0,0,0,0,0,0,0,0,0,0,0,0,0
408_A2.cha,0,0,0,0,0,0,0,0,0,0,0,0,0,0,0,0,0,0,0,0
549_A2.cha,0,0,0,0,0,0,0,0,0,0,0,0,0,0,0,0,0,0,0,0
479_A1.cha,0,0,0,0,0,0,0,0,0,0,0,0,0,0,0,0,0,0,0,0
574_A0.cha,0,0,0,0,0,0,0,0,0,0,0,0,0,0,0,0,0,0,0,0
567_A3.cha,0,0,0,0,0,0,0,0,0,0,0,0,0,0,1,0,0,0,1,0
543_A0.cha,0,0,0,0,0,0,0,0,0,0,0,0,0,0,0,0,0,0,0,0
460_A0.cha,0,0,1,0,1,0,0,0,0,0,0,0,0,0,1,0,0,1,0,0
457_A0.cha,0,0,0,0,0,0,0,0,0,0,0,0,0,0,0,0,0,0,0,0
444_A3.cha,0,0,0,0,1,0,0,0,0,0,0,0,0,0,0,0,0,0,2,0
505_A3.cha,0,0,0,0,0,0,0,0,0,0,0,0,0,0,0,0,0,0,0,0
516_A0.cha,0,0,0,0,0,0,0,0,0,0,0,0,0,0,0,0,0,0,0,0
532_A3.cha,0,0,0,0,0,0,0,0,0,0,0,0,0,0,0,0,0,0,0,0
402_A0.cha,0,0,0,0,0,0,0,0,0,0,0,0,0,0,0,0,0,0,0,0
411_A3.cha,0,0,0,0,0,0,0,0,0,0,0,0,0,0,0,0,0,0,0,0
414_A2.cha,0,0,0,0,0,0,0,0,0,0,0,0,0,0,0,0,0,0,0,0
407_A1.cha,0,0,0,0,0,0,0,0,0,0,0,0,0,0,0,0,0,0,0,0
423_A2.cha,0,0,0,0,0,0,0,0,0,0,0,0,0,0,0,0,0,0,0,0
513_A1.cha,0,0,0,0,0,0,0,0,0,0,0,0,0,0,0,0,0,0,0,0
524_A1.cha,0,0,0,0,0,0,0,0,0,0,0,0,0,0,0,0,0,0,0,0
465_A1.cha,0,0,0,0,0,0,0,0,0,0,0,0,0,0,0,0,0,0,0,0
441_A2.cha,0,0,0,0,0,0,0,0,0,0,0,0,0,0,0,0,0,0,0,0
452_A1.cha,0,0,0,0,0,0,0,0,0,0,0,0,0,0,0,0,0,0,0,0
562_A2.cha,0,0,0,0,0,0,0,0,0,0,0,0,0,0,0,0,0,0,0,0
571_A1.cha,0,0,0,0,0,0,0,0,0,0,0,0,0,0,0,0,0,0,0,0
555_A2.cha,0,0,0,0,0,0,0,0,0,0,0,0,0,0,0,0,0,0,0,0
557_A1.cha,0,0,0,0,0,0,0,0,0,0,0,0,0,0,0,0,0,0,0,0
544_A2.cha,0,0,0,0,0,0,0,0,0,0,0,0,0,0,0,0,0,0,0,0
450_A2.cha,0,0,0,0,0,0,0,0,0,0,0,0,0,0,0,0,0,0,0,0
443_A1.cha,0,0,0,0,0,0,0,0,0,0,0,0,0,0,0,0,0,0,0,0
526_A2.cha,0,0,0,0,0,0,0,0,0,0,0,0,0,0,0,0,0,0,0,0
535_A1.cha,0,0,0,0,0,0,0,0,0,0,0,0,0,0,0,0,0,0,0,0
502_A1.cha,0,0,0,0,0,0,0,0,0,0,0,0,0,0,0,0,0,0,0,0
511_A2.cha,0,0,0,0,0,0,0,0,0,0,0,0,0,0,0,0,0,0,0,0
421_A1.cha,0,0,0,0,0,0,0,0,0,2,0,0,0,0,0,0,0,0,0,0
405_A2.cha,0,0,0,0,0,0,0,0,0,0,0,0,0,0,0,0,0,0,0,0
416_A1.cha,0,0,0,0,0,0,0,0,0,0,0,0,0,0,0,0,0,0,0,0
413_A0.cha,0,0,1,0,0,0,0,0,0,0,0,0,0,0,4,0,0,0,1,0
523_A3.cha,0,0,0,0,0,0,0,0,0,0,0,0,0,0,0,0,0,0,0,0
514_A3.cha,0,0,0,0,0,0,0,0,0,0,0,0,0,0,0,0,0,0,0,0
507_A0.cha,0,0,0,0,0,0,0,0,0,0,0,0,0,0,0,0,0,0,0,0
455_A3.cha,0,0,0,0,0,0,0,0,0,0,0,0,0,0,0,0,0,0,0,0
471_A0.cha,0,0,0,0,1,0,0,0,0,0,0,0,0,0,0,0,0,0,0,0
541_A3.cha,0,0,0,0,0,0,0,0,0,0,0,0,0,0,0,0,0,0,0,0
565_A0.cha,0,0,0,0,0,0,0,0,0,0,0,0,0,0,0,0,0,0,0,0
576_A3.cha,0,0,0,0,0,0,0,0,0,0,0,0,0,0,0,0,0,0,0,0
468_A1.cha,0,0,0,0,1,0,0,0,0,0,0,0,0,0,0,0,0,0,0,0
419_A2.cha,0,0,0,0,0,0,0,0,0,0,0,0,0,0,0,0,0,0,0,0
529_A1.cha,0,0,0,0,0,0,0,0,0,0,0,0,0,0,0,0,0,0,0,0
508_A3.cha,0,0,0,0,0,0,0,0,0,0,0,0,0,0,0,0,0,0,0,0
408_A0.cha,0,0,1,0,0,0,0,0,0,0,0,0,0,0,0,0,0,0,0,0
538_A3.cha,0,0,0,0,0,0,0,0,0,0,0,0,0,0,0,0,0,0,0,0
479_A3.cha,0,0,0,0,0,0,0,0,0,0,0,0,0,0,0,0,0,0,0,0
549_A0.cha,0,0,0,0,0,0,0,0,0,0,0,0,0,0,0,0,0,0,0,0
568_A2.cha,0,0,0,0,0,0,0,0,0,0,0,0,0,0,8,0,0,0,0,0
458_A1.cha,0,0,0,0,0,0,0,0,0,0,0,0,0,0,0,0,0,0,0,0
429_A2.cha,0,0,0,0,0,0,0,0,0,0,0,0,0,0,0,0,0,0,0,0
524_A3.cha,0,0,0,0,0,0,0,0,0,0,0,0,0,0,0,0,0,0,0,0
513_A3.cha,0,0,0,0,0,0,0,0,0,0,0,0,0,0,0,0,0,0,0,0
423_A0.cha,0,0,0,0,1,0,0,0,0,0,0,0,0,0,0,0,0,0,0,0
407_A3.cha,0,0,0,0,0,0,0,0,0,0,0,0,0,0,0,0,0,0,0,0
414_A0.cha,0,0,0,0,0,0,0,0,0,0,0,0,0,0,0,0,0,0,0,0
571_A3.cha,0,0,0,0,0,0,0,0,0,0,0,0,0,0,0,0,0,0,0,0
562_A0.cha,0,0,0,0,0,0,0,0,0,0,0,0,0,0,0,0,0,0,0,0
452_A3.cha,0,0,0,0,0,0,0,0,0,0,0,0,0,0,0,0,0,0,0,0
441_A0.cha,0,0,0,0,0,0,0,0,0,0,0,0,0,0,0,0,0,0,0,0
465_A3.cha,0,0,0,0,0,1,0,0,0,0,0,0,0,0,1,0,0,0,0,0
444_A1.cha,0,0,0,0,0,0,0,0,0,0,0,0,0,0,0,0,0,0,0,0
457_A2.cha,0,0,0,0,0,0,0,0,0,0,0,0,0,0,0,0,0,0,0,0
460_A2.cha,0,0,0,0,0,0,0,0,0,0,0,0,0,0,0,0,0,0,0,0
543_A2.cha,0,0,0,0,0,0,0,0,0,0,0,0,0,0,0,0,0,0,0,0
567_A1.cha,0,0,0,0,0,0,0,0,0,0,0,0,0,0,0,0,0,0,1,0
574_A2.cha,0,0,0,0,0,0,0,0,0,0,0,0,0,0,0,0,0,0,0,0
411_A1.cha,0,0,0,0,0,0,0,0,0,0,0,0,0,0,0,0,0,0,0,0
402_A2.cha,0,0,0,0,0,0,0,0,0,0,0,0,0,0,0,0,0,0,0,0
532_A1.cha,0,0,0,0,0,0,0,0,0,0,0,0,0,0,0,0,0,0,0,0
516_A2.cha,0,0,0,0,0,0,0,0,0,0,0,0,0,0,0,0,0,0,0,0
505_A1.cha,0,0,0,0,0,0,0,0,0,0,0,0,0,0,0,0,0,0,0,0
507_A2.cha,0,0,0,0,0,0,0,0,0,0,0,0,0,0,0,0,0,0,0,0
514_A1.cha,0,0,0,0,0,0,0,0,0,0,0,0,0,0,0,0,0,0,0,0
523_A1.cha,0,0,0,0,0,0,0,0,0,0,0,0,0,0,0,0,0,0,0,0
530_A2.cha,0,0,0,0,0,0,0,0,0,0,0,0,0,0,0,0,0,0,0,0
413_A2.cha,0,0,0,0,2,0,0,0,0,0,0,0,0,0,7,0,0,0,0,0
576_A1.cha,0,0,0,0,0,0,0,0,0,0,0,0,0,0,0,0,0,0,0,0
565_A2.cha,0,0,0,0,1,0,0,0,0,0,0,0,0,0,3,0,0,0,0,0
541_A1.cha,0,0,0,0,0,0,0,0,0,0,0,0,0,0,0,0,0,0,0,0
471_A2.cha,0,0,0,0,0,0,0,0,0,0,0,0,0,0,0,0,0,0,0,0
455_A1.cha,0,0,0,0,0,0,0,0,0,0,0,0,0,0,0,0,0,0,0,0
446_A2.cha,0,0,0,0,0,0,0,0,0,0,0,0,0,0,0,0,0,0,0,0
443_A3.cha,0,0,0,0,0,0,0,0,0,0,0,0,0,0,0,0,0,0,0,0
450_A0.cha,0,0,0,0,0,0,0,0,0,0,0,0,0,0,2,0,0,0,0,0
544_A0.cha,0,0,0,0,0,0,0,0,0,0,0,0,0,0,0,0,0,0,0,0
557_A3.cha,0,0,0,0,0,0,0,0,0,0,0,0,0,0,0,0,0,0,0,0
416_A3.cha,0,0,0,0,0,0,0,0,0,0,0,0,0,0,0,0,0,0,0,0
421_A3.cha,0,0,0,0,0,0,0,0,0,1,0,0,0,0,0,0,0,0,0,0
511_A0.cha,0,0,0,0,0,0,0,0,0,0,0,0,0,0,0,0,0,0,0,0
502_A3.cha,0,0,0,0,0,0,0,0,0,0,0,0,0,0,0,0,0,0,0,0
535_A3.cha,0,0,2,0,0,0,0,0,0,0,0,0,0,0,0,0,0,0,0,0
526_A0.cha,0,0,0,0,0,0,0,0,0,0,0,0,0,0,0,0,0,0,0,0
508_A1.cha,0,0,0,0,0,0,0,0,0,0,0,0,0,0,0,0,0,0,0,0
468_A3.cha,0,0,0,0,0,0,0,0,0,0,0,0,0,0,0,0,0,0,0,0
529_A3.cha,0,0,1,0,0,0,0,0,0,0,0,0,0,0,0,0,0,1,2,0
541_A0.cha,0,0,0,0,0,0,0,0,0,0,0,0,0,0,0,0,0,0,0,0
565_A3.cha,0,0,0,0,1,0,0,0,0,0,0,0,0,0,1,0,0,0,0,0
576_A0.cha,0,0,0,0,0,0,0,0,0,0,0,0,0,0,0,0,0,0,0,0
446_A3.cha,0,0,0,0,0,0,0,0,0,1,0,0,0,0,0,0,0,0,0,0
471_A3.cha,0,0,0,0,0,0,0,0,0,0,0,0,0,0,0,0,0,0,0,0
530_A3.cha,0,0,0,0,0,0,0,0,0,0,0,0,0,0,0,0,0,0,0,0
514_A0.cha,0,0,0,0,0,0,0,0,0,0,0,0,0,0,0,0,0,0,0,0
507_A3.cha,0,0,0,0,0,0,0,0,0,0,0,0,0,0,0,0,0,0,0,0
413_A3.cha,0,0,0,0,1,0,0,0,0,0,0,0,0,0,2,0,0,0,2,0
421_A2.cha,0,0,0,0,0,0,0,0,0,0,0,0,0,0,0,0,0,0,0,0
405_A1.cha,0,0,0,0,1,0,0,0,0,0,0,0,0,0,0,0,0,0,0,0
416_A2.cha,0,0,0,1,0,0,0,0,0,0,0,0,0,0,0,0,0,0,0,0
526_A1.cha,0,0,0,0,0,0,0,0,0,0,0,0,0,0,0,0,0,0,0,0
535_A2.cha,0,0,0,0,0,0,0,0,0,0,0,0,0,0,0,0,0,0,0,0
502_A2.cha,0,0,0,0,0,0,0,0,0,0,0,0,0,0,0,0,0,0,0,0
511_A1.cha,0,0,0,0,0,0,0,0,0,0,0,0,0,0,0,0,0,0,0,0
450_A1.cha,0,0,0,0,0,0,0,0,0,0,0,0,0,0,0,0,0,0,0,0
443_A2.cha,0,0,0,0,0,0,0,0,0,0,0,0,0,0,0,0,0,0,0,0
557_A2.cha,0,0,0,0,0,0,0,0,0,0,0,0,0,0,0,0,0,0,0,0
544_A1.cha,0,0,0,0,0,0,0,0,0,0,0,0,0,0,0,0,0,0,0,0
529_A2.cha,0,0,0,0,0,0,0,0,0,0,0,0,0,0,0,0,0,1,0,0
419_A1.cha,0,0,0,0,0,0,0,0,0,0,0,0,0,0,0,0,0,0,0,0
468_A2.cha,0,0,0,0,0,0,0,0,0,0,0,0,0,0,2,0,0,0,0,0
479_A2.cha,0,0,0,0,0,0,0,0,0,0,0,0,0,0,0,0,0,0,0,0
549_A1.cha,0,0,0,0,0,0,0,0,0,0,0,0,0,0,0,0,0,0,0,0
408_A1.cha,0,0,0,1,0,0,0,0,0,0,0,0,0,0,0,0,0,0,0,0
538_A2.cha,0,0,0,0,0,0,0,0,0,0,0,0,0,0,0,0,0,0,0,0
429_A3.cha,0,0,0,0,0,0,0,0,0,0,0,0,0,0,0,0,0,0,0,0
568_A3.cha,0,0,0,0,0,0,0,0,0,1,0,0,0,0,1,0,0,0,1,0
458_A0.cha,0,0,0,0,0,0,0,0,0,0,0,0,0,0,0,0,0,0,0,0
562_A1.cha,0,0,0,0,0,0,0,0,0,0,0,0,0,0,0,0,0,0,0,0
571_A2.cha,0,0,0,0,0,0,0,0,0,0,0,0,0,0,0,0,0,0,0,0
555_A1.cha,0,0,0,0,0,0,0,0,0,0,0,0,0,0,0,0,0,0,0,0
465_A2.cha,0,0,0,0,0,0,0,0,0,0,0,0,0,0,0,0,0,0,0,0
441_A1.cha,0,0,1,0,0,0,0,0,0,0,0,0,0,0,0,0,0,0,0,0
452_A2.cha,0,0,0,0,0,0,0,0,0,0,0,0,0,0,0,0,0,0,0,0
513_A2.cha,0,0,0,0,0,0,0,0,0,0,0,0,0,0,0,0,0,0,0,0
524_A2.cha,0,0,0,0,0,0,0,0,0,0,0,0,0,0,0,0,0,0,0,0
414_A1.cha,0,0,1,0,0,0,0,0,0,0,0,0,0,0,0,0,0,0,0,0
407_A2.cha,0,0,0,0,0,0,0,0,0,0,0,0,0,0,0,0,0,0,0,0
423_A1.cha,0,0,0,0,0,0,0,0,0,0,0,0,0,0,0,0,0,0,0,0
402_A3.cha,0,0,0,0,0,0,0,0,0,0,0,0,0,0,0,0,0,0,0,0
411_A0.cha,0,0,1,0,0,0,0,0,0,0,0,0,0,0,0,0,0,0,0,0
516_A3.cha,0,0,0,0,0,0,0,0,0,0,0,0,0,0,0,0,0,0,0,0
460_A3.cha,0,0,0,0,0,0,0,0,0,1,0,0,0,0,0,0,0,0,0,0
457_A3.cha,0,0,0,0,0,0,0,0,0,0,0,0,0,0,0,0,0,0,0,0
574_A3.cha,0,0,0,0,0,0,0,0,0,0,0,0,0,0,1,0,0,0,0,0
567_A0.cha,0,0,0,0,0,0,0,0,0,0,0,0,0,0,0,0,0,1,1,0
543_A3.cha,0,0,0,0,0,0,0,0,0,0,0,0,0,0,0,0,0,0,0,0
539_A1.cha,0,0,0,0,0,0,0,0,0,0,0,0,0,0,0,0,0,0,0,0
409_A2.cha,0,0,0,0,0,0,0,0,0,0,0,0,0,0,0,0,0,0,0,0
548_A2.cha,0,0,0,0,0,0,0,0,0,0,0,0,0,0,0,0,0,0,0,0
459_A3.cha,0,0,1,0,0,0,0,0,0,0,0,0,0,0,0,0,0,1,0,0
569_A0.cha,0,0,0,0,0,0,0,0,0,0,0,0,0,0,0,0,0,0,0,0
518_A3.cha,0,0,0,0,0,0,0,0,0,0,0,0,0,0,0,0,0,0,0,0
406_A1.cha,0,0,0,0,0,0,0,0,0,0,0,0,0,0,0,0,0,0,0,0
415_A2.cha,0,0,0,0,0,0,0,0,0,0,0,0,0,0,0,0,0,0,0,0
501_A2.cha,0,0,0,0,0,0,0,0,0,0,0,0,0,0,0,0,0,0,0,0
512_A1.cha,0,0,0,0,0,0,0,0,0,0,0,0,0,0,0,0,0,0,0,0
536_A2.cha,0,0,0,0,0,0,0,0,0,0,0,0,0,0,0,0,0,0,0,0
464_A1.cha,0,0,0,0,0,0,0,0,0,0,0,0,0,0,0,0,0,0,0,0
570_A1.cha,0,0,0,0,0,0,1,0,0,0,0,0,0,0,0,0,0,0,0,0
547_A1.cha,0,0,0,0,0,0,0,0,0,0,0,0,0,0,0,0,0,0,0,0
472_A3.cha,0,0,0,0,0,0,0,0,0,0,0,0,0,0,0,0,0,0,0,0
456_A0.cha,0,0,0,0,0,0,0,0,0,0,0,0,0,0,0,0,0,0,0,0
517_A0.cha,0,0,0,0,0,0,0,0,0,0,0,0,0,0,1,0,0,0,0,0
504_A3.cha,0,0,0,0,0,0,0,0,0,0,0,0,0,0,0,0,0,0,0,0
533_A3.cha,0,0,0,0,0,0,0,0,0,0,0,0,0,0,0,0,0,0,0,0
410_A3.cha,0,0,0,0,0,0,0,1,0,0,0,0,0,0,0,0,0,0,0,0
427_A3.cha,0,0,0,0,0,0,0,0,0,0,0,0,0,0,8,0,0,0,1,0
425_A0.cha,0,0,1,0,0,0,0,0,0,0,0,0,0,0,1,0,0,0,0,0
401_A3.cha,0,0,0,0,0,0,0,0,0,0,0,0,0,0,0,0,0,0,0,0
412_A0.cha,0,0,0,0,0,0,0,0,0,0,0,0,0,0,0,0,0,0,0,0
522_A3.cha,0,0,0,0,0,0,0,0,0,0,0,0,0,0,0,0,0,0,0,0
531_A0.cha,0,0,0,0,0,0,0,0,0,0,0,0,0,0,3,0,0,0,0,0
506_A0.cha,0,0,0,0,0,0,0,0,0,0,0,0,0,0,0,0,0,0,0,0
515_A3.cha,0,0,0,0,0,0,0,0,0,0,0,0,0,0,0,0,0,0,0,0
454_A3.cha,0,0,0,0,0,0,0,0,0,0,0,0,0,0,0,0,0,0,0,0
463_A3.cha,0,0,0,0,0,0,0,0,0,0,0,0,0,0,0,0,0,0,0,0
553_A0.cha,0,0,0,0,0,0,0,0,0,0,0,0,0,0,0,0,0,0,0,0
564_A0.cha,0,0,0,0,0,0,0,0,0,0,0,0,0,0,0,0,0,0,0,0
545_A2.cha,0,0,0,0,0,0,0,0,0,0,0,0,0,0,0,0,0,0,0,0
561_A1.cha,0,0,0,0,0,0,0,0,0,0,0,0,0,0,0,0,0,0,0,0
572_A2.cha,0,0,0,0,1,0,0,0,0,0,0,0,0,0,0,0,0,0,0,0
466_A2.cha,0,0,0,0,0,0,0,0,0,0,0,0,0,0,0,0,0,0,0,0
527_A2.cha,0,0,0,0,0,0,0,0,0,0,0,0,0,0,0,0,0,0,0,0
510_A2.cha,0,0,0,0,0,0,0,0,0,0,0,0,0,0,0,0,0,0,0,0
503_A1.cha,0,0,0,0,0,0,0,0,0,0,0,0,0,0,0,0,0,0,0,0
417_A1.cha,0,0,0,0,0,0,0,0,0,0,0,0,0,0,0,0,0,0,0,0
404_A2.cha,0,0,0,0,0,0,0,0,0,0,0,0,0,0,0,0,0,0,0,0
509_A3.cha,0,0,0,0,0,0,0,0,0,0,0,0,0,0,0,0,0,0,0,0
439_A0.cha,0,0,0,0,0,0,0,0,0,0,0,0,0,0,0,0,0,0,0,0
448_A3.cha,0,0,0,0,0,0,0,0,0,0,0,0,0,0,0,0,0,0,0,0
469_A1.cha,0,0,0,0,0,0,0,0,0,0,0,0,0,0,0,0,0,0,0,0
480_A3.cha,0,0,0,0,0,0,0,0,0,0,0,0,0,0,0,0,0,0,1,0
559_A2.cha,0,0,0,0,0,0,0,0,0,0,0,0,0,0,0,0,0,0,0,0
418_A2.cha,0,0,0,0,0,0,0,0,0,0,0,0,0,0,0,0,0,0,0,0
528_A1.cha,0,0,0,0,0,0,0,0,0,0,0,0,0,0,0,0,0,0,0,0
463_A2.cha,0,0,0,0,0,0,0,0,0,0,0,0,0,0,0,0,0,0,0,0
454_A2.cha,0,0,0,0,1,0,0,0,0,0,0,0,0,0,0,0,0,0,0,0
564_A1.cha,0,0,0,0,0,0,0,0,0,0,0,0,0,0,0,0,0,0,0,0
553_A1.cha,0,0,0,0,0,0,0,0,0,0,0,0,0,0,0,0,0,0,0,0
412_A1.cha,0,0,0,0,0,0,0,0,0,0,0,0,0,0,0,0,0,0,0,0
401_A2.cha,0,0,0,0,0,0,0,0,0,1,0,0,0,0,0,0,0,0,0,0
425_A1.cha,0,0,0,0,0,0,0,0,0,0,0,0,0,0,0,0,0,0,0,0
515_A2.cha,0,0,0,0,0,0,0,0,0,0,0,0,0,0,0,0,0,0,0,0
506_A1.cha,0,0,0,0,0,0,0,0,0,0,0,0,0,0,0,0,0,0,0,0
531_A1.cha,0,0,0,0,0,0,0,0,0,0,0,0,0,0,2,0,0,0,0,0
522_A2.cha,0,0,0,0,0,0,0,0,0,0,0,0,0,0,1,0,0,0,0,0
503_A0.cha,0,0,0,0,0,0,0,0,0,0,0,0,0,0,0,0,0,0,0,0
510_A3.cha,0,0,0,0,0,0,0,0,0,0,0,0,0,0,0,0,0,0,0,0
527_A3.cha,0,0,0,0,0,0,0,0,0,3,0,0,0,0,1,0,0,0,2,0
404_A3.cha,0,0,0,0,0,0,0,0,0,0,0,0,0,0,0,0,0,0,0,0
417_A0.cha,0,0,0,0,0,0,0,0,0,0,0,0,0,0,0,0,0,1,0,0
572_A3.cha,0,0,0,0,1,0,0,0,0,0,0,0,0,0,0,0,0,0,0,0
561_A0.cha,0,0,0,0,0,0,0,0,0,0,0,0,0,0,0,0,0,0,0,0
545_A3.cha,0,0,0,0,0,0,0,0,0,0,0,0,0,0,0,0,0,0,0,0
466_A3.cha,0,0,0,0,0,0,0,0,0,0,0,0,0,0,0,0,0,0,0,0
448_A2.cha,0,0,0,0,0,0,0,0,0,1,0,0,0,0,0,0,0,0,0,0
509_A2.cha,0,0,0,0,0,0,0,0,0,0,0,0,0,0,0,0,0,0,0,0
439_A1.cha,0,0,0,0,0,0,0,0,0,0,0,0,0,0,0,0,0,0,0,0
418_A3.cha,0,0,0,0,0,0,0,0,0,0,0,0,0,0,0,0,0,0,0,0
528_A0.cha,0,0,0,0,0,0,0,0,0,0,0,0,0,0,0,0,0,0,0,0
480_A2.cha,0,0,1,0,1,0,0,0,0,0,0,0,0,1,0,0,0,0,0,0
559_A3.cha,0,0,0,0,0,0,0,0,0,0,0,0,0,0,0,0,0,0,0,0
548_A3.cha,0,0,0,0,0,0,0,0,0,0,0,0,0,0,0,0,0,0,0,0
539_A0.cha,0,0,0,0,0,0,0,0,0,0,0,0,0,0,0,0,0,0,0,0
409_A3.cha,0,0,0,0,0,0,0,0,0,0,0,0,0,0,0,0,0,0,0,0
518_A2.cha,0,0,0,0,0,0,0,0,0,0,0,0,0,0,0,0,0,0,0,0
459_A2.cha,0,0,0,0,0,0,0,0,0,0,0,0,0,0,0,0,0,0,0,0
569_A1.cha,0,0,0,0,0,0,0,0,0,0,0,0,0,0,0,0,0,0,0,0
464_A0.cha,0,0,0,0,0,0,0,0,0,0,0,0,0,0,0,0,0,0,0,0
570_A0.cha,0,0,0,0,0,0,0,0,0,0,0,0,0,0,0,0,0,0,0,0
415_A3.cha,0,0,0,0,0,0,0,0,0,0,0,0,0,0,0,0,0,0,0,0
406_A0.cha,0,0,0,0,0,0,0,0,0,0,0,0,0,0,0,0,0,0,0,0
536_A3.cha,0,0,0,0,0,0,0,0,0,0,0,0,0,0,0,0,0,0,0,0
512_A0.cha,0,0,0,0,0,0,0,0,0,0,0,0,0,0,0,0,0,0,0,0
501_A3.cha,0,0,0,0,0,0,0,0,0,0,0,0,0,0,0,0,0,0,0,0
520_A1.cha,0,0,0,0,0,0,0,0,0,0,0,0,0,0,0,0,0,0,0,0
533_A2.cha,0,0,0,0,0,0,0,0,0,0,0,0,0,0,0,0,0,0,0,0
504_A2.cha,0,0,0,0,0,0,0,0,0,0,0,0,0,0,0,0,0,0,0,0
517_A1.cha,0,0,0,0,0,0,0,0,0,0,0,0,0,0,0,0,0,0,0,0
427_A2.cha,0,0,0,0,0,0,0,0,0,0,0,0,0,0,11,0,0,0,2,0
403_A1.cha,0,0,0,0,0,0,0,0,0,0,0,0,0,0,0,0,0,0,0,0
410_A2.cha,0,0,0,0,0,0,0,0,0,0,0,0,0,0,0,0,0,0,0,0
456_A1.cha,0,0,0,0,0,0,0,0,0,0,0,0,0,0,0,0,0,0,0,0
472_A2.cha,0,0,0,0,0,0,0,0,0,0,0,0,0,0,0,0,0,0,0,0
461_A1.cha,0,0,0,0,0,0,0,0,0,0,0,0,0,0,0,0,0,0,0,0
417_A2.cha,0,0,0,0,0,0,0,0,0,0,0,0,0,0,0,0,0,0,0,0
404_A1.cha,0,0,0,0,0,0,0,0,0,0,0,0,0,0,0,0,0,0,0,0
527_A1.cha,0,0,0,0,0,0,0,0,0,0,0,0,0,0,0,0,0,0,0,0
510_A1.cha,0,0,0,0,0,0,0,0,0,0,0,0,0,0,0,0,0,0,0,0
503_A2.cha,0,0,0,0,0,0,0,0,0,0,0,0,0,0,0,0,0,0,0,0
466_A1.cha,0,0,0,0,0,0,0,0,0,0,0,0,0,0,0,0,0,0,0,0
545_A1.cha,0,0,0,0,0,0,0,0,0,0,0,0,0,0,0,0,0,0,0,0
561_A2.cha,0,0,0,0,0,0,0,0,0,0,0,0,0,0,0,0,0,0,0,0
572_A1.cha,0,0,0,0,0,0,0,0,0,0,0,0,0,0,0,0,0,0,0,0
553_A3.cha,0,0,0,0,0,0,0,0,0,0,0,0,0,0,0,0,0,0,0,0
564_A3.cha,0,0,0,0,0,0,0,0,0,0,0,0,0,0,0,0,0,0,0,0
463_A0.cha,0,0,1,0,0,0,0,0,0,0,0,0,0,0,0,0,0,0,0,0
522_A0.cha,0,0,0,0,0,0,0,0,0,0,0,0,0,0,0,0,0,0,0,0
531_A3.cha,0,0,1,0,0,0,0,0,0,0,0,0,0,0,1,0,0,0,0,0
506_A3.cha,0,0,0,0,0,0,0,0,0,0,0,0,0,0,0,0,0,0,0,0
515_A0.cha,0,0,0,0,0,0,0,0,0,0,0,0,0,0,0,0,0,0,0,0
425_A3.cha,0,0,1,0,1,0,0,0,0,0,0,0,0,0,0,0,0,1,0,0
412_A3.cha,0,0,0,0,0,0,0,0,0,0,0,0,0,0,0,0,0,0,0,0
528_A2.cha,0,0,0,0,0,0,0,0,0,0,0,0,0,0,0,0,0,0,0,0
418_A1.cha,0,0,0,0,0,0,0,0,0,0,0,0,0,0,0,0,0,0,0,0
559_A1.cha,0,0,0,0,0,0,0,0,0,0,0,0,0,0,0,0,0,0,0,0
469_A2.cha,0,0,0,0,0,0,0,0,0,0,0,0,0,0,0,0,0,0,0,0
448_A0.cha,0,0,0,0,0,0,0,0,0,0,0,0,0,0,1,0,0,0,0,0
439_A3.cha,0,0,0,0,0,0,0,0,0,0,0,0,0,0,0,0,0,1,0,0
509_A0.cha,0,0,0,0,0,0,0,0,0,0,0,0,0,0,0,0,0,0,0,0
518_A0.cha,0,0,0,0,0,0,0,0,0,0,0,0,0,0,0,0,0,0,0,0
569_A3.cha,0,0,0,0,0,0,0,0,0,0,0,0,0,0,0,0,0,0,0,0
459_A0.cha,0,0,0,0,0,0,0,0,0,0,0,0,0,0,0,0,0,0,0,0
548_A1.cha,0,0,0,0,0,0,0,0,0,0,0,0,0,0,0,0,0,0,0,0
409_A1.cha,0,0,0,0,0,0,0,0,0,0,0,0,0,0,0,0,0,0,0,0
539_A2.cha,0,0,0,0,0,0,0,0,0,0,0,0,0,0,0,0,0,0,0,0
403_A3.cha,0,0,0,0,0,0,0,0,0,0,0,0,0,0,0,0,0,0,0,0
517_A3.cha,0,0,0,0,0,0,0,0,0,0,0,0,0,0,0,0,0,0,0,0
504_A0.cha,0,0,0,0,0,0,0,0,0,0,0,0,0,0,0,0,0,0,0,0
520_A3.cha,0,0,0,0,0,0,0,0,0,0,0,0,0,0,0,0,0,0,0,0
461_A3.cha,0,0,0,0,0,0,0,0,0,0,0,0,0,0,0,0,0,0,0,0
472_A0.cha,0,0,0,0,0,0,0,0,0,0,0,0,0,0,0,0,0,0,0,0
456_A3.cha,0,0,0,0,0,0,0,0,0,0,0,0,0,0,0,0,0,0,0,0
551_A0.cha,0,0,0,0,0,0,0,0,0,0,0,0,0,0,0,0,0,0,0,0
570_A2.cha,0,0,0,0,0,0,0,0,0,0,0,0,0,0,0,0,0,0,0,0
547_A2.cha,0,0,0,0,0,0,0,0,0,0,0,0,0,0,0,0,0,0,0,0
464_A2.cha,0,0,0,0,0,0,0,0,0,0,0,0,0,0,0,0,0,0,0,0
501_A1.cha,0,0,0,0,0,0,0,0,0,0,0,0,0,0,0,0,0,0,0,0
512_A2.cha,0,0,0,0,0,0,0,0,0,0,0,0,0,0,0,0,0,0,0,0
536_A1.cha,0,0,0,0,0,0,0,0,0,0,0,0,0,0,0,0,0,0,0,0
406_A2.cha,0,0,0,0,0,0,0,0,0,0,0,0,0,0,0,0,0,0,0,0
415_A1.cha,0,0,0,0,0,0,0,0,0,0,0,0,0,0,0,0,0,0,0,0
569_A2.cha,0,0,0,0,0,0,0,0,0,0,0,0,0,0,0,0,0,0,0,0
459_A1.cha,0,0,0,0,0,0,0,0,0,0,0,0,0,0,0,0,0,0,0,0
518_A1.cha,0,0,0,0,0,0,0,0,0,0,0,0,0,0,0,0,0,0,0,0
409_A0.cha,0,0,0,0,0,0,0,0,0,0,0,0,0,0,0,0,0,0,0,0
539_A3.cha,0,0,0,0,0,0,0,0,0,0,0,0,0,0,0,0,0,0,0,0
548_A0.cha,0,0,0,0,0,0,0,0,0,0,0,0,0,0,0,0,0,0,0,0
456_A2.cha,0,0,0,0,0,0,0,0,0,0,0,0,0,0,0,0,0,0,0,0
472_A1.cha,0,0,0,0,0,0,0,0,0,0,0,0,0,0,0,0,0,0,0,0
461_A2.cha,0,0,0,0,0,0,0,0,0,0,0,0,0,0,0,0,0,0,0,0
427_A1.cha,0,0,0,0,0,0,0,0,0,0,0,0,0,0,2,0,0,0,1,0
403_A2.cha,0,0,0,0,0,0,0,0,0,0,0,0,0,0,0,0,0,0,0,0
410_A1.cha,0,0,0,0,0,0,0,0,0,0,0,0,0,0,0,0,0,0,0,0
520_A2.cha,0,0,0,0,0,0,0,0,0,0,0,0,0,0,0,0,0,0,0,0
533_A1.cha,0,0,0,0,0,0,0,0,0,0,0,0,0,0,0,0,0,0,0,0
504_A1.cha,0,0,0,0,0,0,0,0,0,0,0,0,0,0,0,0,0,0,0,0
517_A2.cha,0,0,0,0,0,0,0,0,0,0,0,0,0,0,0,0,0,0,0,0
512_A3.cha,0,0,0,0,0,0,0,0,0,0,0,0,0,0,0,0,0,0,0,0
501_A0.cha,0,0,0,0,0,0,0,0,0,0,0,0,0,0,0,0,0,0,0,0
415_A0.cha,0,0,0,0,0,0,0,0,0,0,0,0,0,0,0,0,0,0,0,0
406_A3.cha,0,0,0,0,0,0,0,0,0,0,0,0,0,0,1,0,0,0,0,0
547_A3.cha,0,0,0,0,0,0,0,0,0,0,0,0,0,0,0,0,0,0,0,0
570_A3.cha,0,0,0,0,0,0,0,0,0,1,0,0,0,0,0,0,0,1,0,0
464_A3.cha,0,0,0,0,0,0,0,0,0,0,0,0,0,0,0,0,0,0,0,0
466_A0.cha,0,0,0,0,0,0,0,0,0,0,0,0,0,0,0,0,0,0,0,0
572_A0.cha,0,0,0,0,0,0,0,0,0,0,0,0,0,0,0,0,0,0,0,0
561_A3.cha,0,0,0,0,0,0,0,0,0,0,0,0,0,0,0,0,0,0,0,0
545_A0.cha,0,0,0,0,0,0,0,0,0,0,0,0,0,0,0,0,0,0,0,0
404_A0.cha,0,0,0,0,0,0,0,0,0,0,0,0,0,0,0,0,0,0,0,0
417_A3.cha,0,0,0,0,0,0,0,0,0,0,0,0,0,0,0,0,0,0,0,0
503_A3.cha,0,0,0,0,0,0,0,0,0,0,0,0,0,0,0,0,0,0,0,0
510_A0.cha,0,0,0,0,0,0,0,0,0,0,0,0,0,0,0,0,0,0,0,0
515_A1.cha,0,0,0,0,0,0,0,0,0,0,0,0,0,0,0,0,0,0,0,0
506_A2.cha,0,0,0,0,0,0,0,0,0,0,0,0,0,0,0,0,0,0,0,0
531_A2.cha,0,0,0,0,0,0,0,0,0,0,0,0,0,0,4,0,0,0,0,0
522_A1.cha,0,0,0,0,0,0,0,0,0,0,0,0,0,0,0,0,0,0,0,0
412_A2.cha,0,0,0,0,0,0,0,0,0,0,0,0,0,0,1,0,0,0,0,0
401_A1.cha,0,0,0,0,0,0,0,0,0,0,0,0,0,0,0,0,0,0,0,0
425_A2.cha,0,0,0,0,0,0,0,0,0,0,0,0,0,0,0,0,0,0,0,0
564_A2.cha,0,0,0,0,0,0,0,0,0,0,0,0,0,0,0,0,0,0,0,0
553_A2.cha,0,0,0,0,0,0,0,0,0,0,0,0,0,0,0,0,0,0,0,0
463_A1.cha,0,0,0,0,0,0,0,0,0,0,0,0,0,0,0,0,0,0,0,0
454_A1.cha,0,0,0,0,0,0,0,0,0,0,0,0,0,0,0,0,0,0,0,0
559_A0.cha,0,0,0,0,0,0,0,0,0,0,0,0,0,0,0,0,0,0,0,0
480_A1.cha,0,0,0,0,0,0,0,0,0,0,0,0,0,0,0,0,0,0,0,0
469_A3.cha,0,0,0,0,1,0,0,0,0,0,0,0,0,0,0,0,0,0,0,0
528_A3.cha,0,0,0,0,0,0,0,0,0,0,0,0,0,0,0,0,0,0,0,0
418_A0.cha,0,0,0,0,0,0,0,0,0,0,0,0,0,0,0,0,0,0,0,0
439_A2.cha,0,0,0,0,0,0,0,0,0,0,0,0,0,0,0,0,0,0,0,0
509_A1.cha,0,0,0,0,0,0,0,0,0,0,0,0,0,0,0,0,0,0,0,0
448_A1.cha,0,0,0,0,0,0,0,0,0,0,0,0,0,0,0,0,0,0,0,0
